source1_entity_id	matched_entity_ids
S1-714132312	
S1-106407869	
S1-156285671	
S1-689823050	
S1-921369899	
S1-481669221	
S1-909865979	
S1-280204013	
S1-742053041	
S1-913506265	
S1-479574617	
S1-680637447	
S1-870190130	
S1-365170694	
S1-778640743	
S1-378191895	
S1-684974736	
S1-750279127	
S1-209281220	
S1-550154910	
S1-897975128	
S1-704604312	
S1-628750886	
S1-714038427	
S1-426194890	
S1-122385784	
S1-540642140	
S1-123475953	
S1-444801830	
S1-502376041	
S1-594021398	
S1-261170522	
S1-466641145	
S1-99245709	
S1-339015166	
S1-614259237	
S1-385801270	
S1-334672926	
S1-717749279	
S1-564662660	
S1-41643447	
S1-581360597	
S1-946184931	
S1-244940399	
S1-616465752	
S1-762904067	
S1-261476747	
S1-874436225	
S1-816918307	
S1-52153457	
S1-867332501	
S1-969300060	
S1-930501805	
S1-474452362	
S1-802731895	
S1-39733947	
S1-807424751	
S1-269499779	
S1-574528784	
S1-402621048	
S1-684202485	
S1-85238196	
S1-569369299	
S1-559615219	
S1-684318101	
S1-503487168	
S1-967139755	
S1-983819279	
S1-577269922	
S1-87832748	
S1-295346696	
S1-252468250	
S1-781801397	
S1-669434847	
S1-570053103	
S1-736469556	
S1-483126440	
S1-270951405	
S1-520799361	
S1-81033582	
S1-56410032	
S1-518847572	
S1-776267063	
S1-35309228	
S1-493139457	
S1-895087526	
S1-829126727	
S1-457973373	
S1-74852342	
S1-280936763	
S1-999165514	
S1-395055615	
S1-862701045	
S1-674871004	
S1-287307821	
S1-273768056	
S1-323395452	
S1-4144001	
S1-512210875	
S1-143287441	
S1-351656683	
S1-83258310	
S1-126274111	
S1-991875825	
S1-219350089	
S1-476026008	
S1-595583207	
S1-660977005	
S1-106130112	
S1-383508132	
S1-960747316	
S1-78181547	
S1-44674670	
S1-712639027	
S1-875777939	
S1-906720062	
S1-868609391	
S1-842551642	
S1-977549219	
S1-345501851	
S1-465557953	
S1-548433616	
S1-542615632	
S1-396150929	
S1-370806262	
S1-149784022	
S1-208197675	
S1-621024	
S1-479716586	
S1-73366741	
S1-866981273	
S1-48247433	
S1-139090022	
S1-503254241	
S1-102847291	
S1-619110488	
S1-623031914	
S1-215270294	
S1-762005078	
S1-983603694	
S1-437281614	
S1-590781135	
S1-423414451	
S1-847114478	
S1-526334226	
S1-381894503	
S1-313092170	
S1-60876864	
S1-261642209	
S1-78728267	
S1-308199161	
S1-358927120	
S1-337122273	
S1-650650055	
S1-834257002	
S1-937349180	
S1-725006887	
S1-820730560	
S1-47803313	
S1-385569722	
S1-453884385	
S1-650304466	
S1-762839052	
S1-550679918	
S1-659666950	
S1-772914073	
S1-860482342	
S1-813052697	
S1-366528589	
S1-720336913	
S1-640880009	
S1-887500171	
S1-971996731	
S1-104317115	
S1-518257638	
S1-884660527	
S1-910004085	
S1-591894902	
S1-142638295	
S1-950720921	
S1-183285524	
S1-714649207	
S1-841168517	
S1-819898451	
S1-949091955	
S1-552966879	
S1-220057580	
S1-64462728	
S1-807938084	
S1-693870315	
S1-455827432	
S1-527611593	
S1-727773972	
S1-279446676	
S1-918109974	
S1-615018738	
S1-666592077	
S1-509532493	
S1-992285010	
S1-382076507	
S1-185535466	
S1-799535694	
S1-598558953	
S1-222645796	
S1-192481319	
S1-413573159	
S1-782634160	
S1-394334841	
S1-759762834	
S1-653070765	
S1-94096071	
S1-682391735	
S1-559968662	
S1-964877324	
S1-883416047	
S1-182458975	
S1-339269492	
S1-621676240	
S1-103138354	
S1-279963953	
S1-317707487	
S1-391244573	
S1-603458137	
S1-429550703	
S1-302219416	
S1-693956169	
S1-837916944	
S1-336786786	
S1-800911534	
S1-181883447	
S1-1433093	
S1-733472967	
S1-89100953	
S1-848293840	
S1-17003766	
S1-915512126	
S1-901504091	
S1-724741475	
S1-851421910	
S1-430298053	
S1-307277652	
S1-503010787	
S1-520627257	
S1-667272642	
S1-827961773	
S1-255349799	
S1-418524279	
S1-661144640	
S1-892745196	
S1-751409146	
S1-13506955	
S1-262020943	
S1-746909581	
S1-481776787	
S1-870654726	
S1-459183905	
S1-782456413	
S1-687813152	
S1-528962373	
S1-133484055	
S1-784673398	
S1-162954117	
S1-547053441	
S1-302536542	
S1-457601305	
S1-488635826	
S1-349698918	
S1-72706873	
S1-78029452	
S1-717385838	
S1-11379912	
S1-655700316	
S1-484349079	
S1-595486290	
S1-889012090	
S1-748500004	
S1-587404171	
S1-986604838	
S1-766408899	
S1-507163415	
S1-873761236	
S1-655802552	
S1-327983313	
S1-77383698	
S1-273531258	
S1-772535560	
S1-598136304	
S1-789788578	
S1-346777444	
S1-544222533	
S1-493959729	
S1-430462466	
S1-792204527	
S1-788563249	
S1-198662647	
S1-431137009	
S1-22335277	
S1-291584542	
S1-556611862	
S1-32767080	
S1-242691036	
S1-770890247	
S1-276402071	
S1-936869465	
S1-201994316	
S1-905520099	
S1-766655509	
S1-415414688	
S1-133928599	
S1-871112769	
S1-948985690	
S1-653149647	
S1-657251225	
S1-244474490	
S1-857992844	
S1-197043206	
S1-269094403	
S1-355078971	
S1-51627651	
S1-288364156	
S1-500222888	
S1-247274429	
S1-260204874	
S1-511066423	
S1-605505884	
S1-882791035	
S1-868105169	
S1-764707596	
S1-962993818	
S1-608940471	
S1-346760887	
S1-597621907	
S1-36048451	
S1-98985291	
S1-368908513	
S1-504750404	
S1-687138169	
S1-576111952	
S1-907329636	
S1-220372723	
S1-591377734	
S1-915233460	
S1-808794467	
S1-119248132	
S1-710758303	
S1-105001584	
S1-382212549	
S1-35578091	
S1-34932143	
S1-545791724	
S1-869422569	
S1-844617434	
S1-488174268	
S1-963501196	
S1-531518308	
S1-288588262	
S1-94665545	
S1-460829054	
S1-817207769	
S1-923121813	
S1-937797030	
S1-305324409	
S1-927419156	
S1-261393939	
S1-158003567	
S1-772204055	
S1-901881022	
S1-958709603	
S1-864062904	
S1-389115869	
S1-32131273	
S1-485290093	
S1-449015682	
S1-273693856	
S1-216847975	
S1-942180728	
S1-704576365	
S1-706359294	
S1-688852755	
S1-501963178	
S1-428039663	
S1-394925431	
S1-29387523	
S1-960221997	
S1-369896511	
S1-973133967	
S1-957109842	
S1-718126154	
S1-657028371	
S1-122221465	
S1-241758739	
S1-292853265	
S1-563412246	
S1-635915279	
S1-257953143	
S1-935953663	
S1-66970748	
S1-613214928	
S1-68168779	
S1-181117450	
S1-337798606	
S1-877808612	
S1-991838189	
S1-415245659	
S1-860794391	
S1-590126941	
S1-852807313	
S1-643209618	
S1-581863940	
S1-225821819	
S1-778630887	
S1-377916068	
S1-37907520	
S1-637166800	
S1-352595333	
S1-333194875	
S1-260721574	
S1-677484813	
S1-568320501	
S1-759995112	
S1-443768681	
S1-170472252	
S1-311511012	
S1-224275529	
S1-427329185	
S1-417606815	
S1-488457630	
S1-818470647	
S1-534346740	
S1-729626041	
S1-204633959	
S1-155512047	
S1-553186193	
S1-42502314	
S1-317114355	
S1-334574390	
S1-649110450	
S1-533417053	
S1-152550844	
S1-643493833	
S1-734921625	
S1-68108533	
S1-789286562	
S1-493735795	
S1-870309113	
S1-755184527	
S1-741750910	
S1-396704474	
S1-77449994	
S1-607302089	
S1-80873383	
S1-194589041	
S1-550464269	
S1-405440827	
S1-500922440	
S1-111694025	
S1-760235082	
S1-445143782	
S1-17665971	
S1-131623880	
S1-453383072	
S1-573827896	
S1-740059747	
S1-979645754	
S1-5694837	
S1-895155435	
S1-552090769	
S1-444520529	
S1-481259122	
S1-170318976	
S1-254586049	
S1-626957328	
S1-820877559	
S1-111296778	
S1-847310129	
S1-546941880	
S1-697980001	
S1-338401200	
S1-501819870	
S1-541668027	
S1-966492570	
S1-702544592	
S1-528495462	
S1-545863954	
S1-772195807	
S1-603731465	
S1-453539657	
S1-46249643	
S1-317928365	
S1-735449543	
S1-368898506	
S1-39608811	
S1-497232093	
S1-740176897	
S1-699373004	
S1-760964613	
S1-759533619	
S1-89928972	
S1-415302434	
S1-397514626	
S1-603295553	
S1-829004597	
S1-340381642	
S1-831508195	
S1-715029307	
S1-30383410	
S1-267323354	
S1-189661852	
S1-232418369	
S1-626838100	
S1-900373432	
S1-322014701	
S1-714107578	
S1-923533895	
S1-445155683	
S1-70052354	
S1-954767088	
S1-529469516	
S1-650940902	
S1-200871763	
S1-674001307	
S1-946578635	
S1-899271918	
S1-861020733	
S1-669118103	
S1-473518955	
S1-112878071	
S1-387370379	
S1-591825395	
S1-341836448	
S1-730190320	
S1-686724393	
S1-884819027	
S1-634733706	
S1-146764860	
S1-667494116	
S1-644800304	
S1-559176480	
S1-670613672	
S1-563834046	
S1-605344566	
S1-45476583	
S1-712193425	
S1-426796552	
S1-358071494	
S1-913184147	
S1-518999749	
S1-142991774	
S1-573105537	
S1-402263041	
S1-852777299	
S1-817055009	
S1-121278089	
S1-34406583	
S1-948206127	
S1-793882586	
S1-313423382	
S1-230616179	
S1-117946977	
S1-764467216	
S1-600671460	
S1-985458663	
S1-998079629	
S1-751723139	
S1-984503844	
S1-436389656	
S1-141582671	
S1-870259303	
S1-202627015	
S1-870670114	
S1-755329516	
S1-769735105	
S1-545535789	
S1-255512449	
S1-479368587	
S1-220217287	
S1-445413591	
S1-307330189	
S1-576221857	
S1-540647065	
S1-985849844	
S1-129840509	
S1-738529927	
S1-631634336	
S1-620439917	
S1-645673704	
S1-366906832	
S1-818450767	
S1-495018313	
S1-236219320	
S1-735494336	
S1-313486473	
S1-874756885	
S1-930629318	
S1-211227284	
S1-665203072	
S1-990859962	
S1-743413952	
S1-288261457	
S1-325772170	
S1-584694385	
S1-196930853	
S1-383705289	
S1-94503331	
S1-647575013	
S1-362900691	
S1-743701929	
S1-554606367	
S1-72057324	
S1-537057658	
S1-863840933	
S1-867937984	
S1-517585252	
S1-843460748	
S1-495431862	
S1-705520087	
S1-629792731	
S1-24190993	
S1-962462371	
S1-891460771	
S1-631267110	
S1-616328186	
S1-989458781	
S1-158427430	
S1-943866501	
S1-772390233	
S1-555104163	
S1-634708855	
S1-574838650	
S1-454570944	
S1-824705510	
S1-353555145	
S1-868191449	
S1-207542087	
S1-128224466	
S1-437847715	
S1-175897406	
S1-836657851	
S1-738388422	
S1-70730985	
S1-913071720	
S1-730858570	
S1-890842089	
S1-755841052	
S1-62406587	
S1-945599294	
S1-282690027	
S1-119471339	
S1-612238175	
S1-507700514	
S1-507057032	
S1-290658366	
S1-521891133	
S1-49325121	
S1-169797977	
S1-44516836	
S1-27176967	
S1-428409415	
S1-583030458	
S1-659886446	
S1-330401139	
S1-928776546	
S1-79493353	
S1-598644426	
S1-491672580	
S1-527616111	
S1-269743554	
S1-737563674	
S1-662097139	
S1-76227211	
S1-754443232	
S1-541847553	
S1-811085440	
S1-398462363	
S1-310166751	
S1-258544368	
S1-29704874	
S1-71390708	
S1-522847261	
S1-209560741	
S1-76891238	
S1-803723987	
S1-469837394	
S1-262724894	
S1-789310261	
S1-476233101	
S1-156259591	
S1-148192848	
S1-253986339	
S1-613788308	
S1-46734148	
S1-925888590	
S1-384391959	
S1-733058423	
S1-335922295	
S1-62369497	
S1-472029773	
S1-379378394	
S1-802501899	
S1-404958214	
S1-134964502	
S1-903680191	
S1-746205301	
S1-356330116	
S1-897438771	
S1-216853138	
S1-21010276	
S1-411150863	
S1-721904625	
S1-500842861	
S1-519840188	
S1-371172270	
S1-146269669	
S1-640903890	
S1-579513223	
S1-834059246	
S1-543738021	
S1-464735932	
S1-720494821	
S1-614166527	
S1-330425761	
S1-636382711	
S1-845582955	
S1-864813407	
S1-226835563	
S1-593083174	
S1-265308634	
S1-342524902	
S1-313657958	
S1-761368811	
S1-370040082	
S1-30674002	
S1-184326040	
S1-752875458	
S1-749190987	
S1-303885393	
S1-524471698	
S1-81401869	
S1-600924899	
S1-223740121	
S1-497450389	
S1-951404426	
S1-677361364	
S1-438605996	
S1-669877826	
S1-293244964	
S1-872080679	
S1-578655170	
S1-855309387	
S1-849800146	
S1-950006929	
S1-477543769	
S1-533947051	
S1-689992280	
S1-827116132	
S1-130033627	
S1-200328362	
S1-822365624	
S1-973488776	
S1-13451015	
S1-618510970	
S1-452851960	
S1-725672126	
S1-371215032	
S1-880149151	
S1-704316296	
S1-491775540	
S1-503016984	
S1-446731231	
S1-908289013	
S1-450337428	
S1-29596643	
S1-601561210	
S1-597171150	
S1-754410830	
S1-995936163	
S1-990991704	
S1-52033338	
S1-717480913	
S1-699194125	
S1-685163224	
S1-185787384	
S1-263986904	
S1-109940605	
S1-109569754	
S1-161663716	
S1-162695461	
S1-648022940	
S1-807531920	
S1-622031313	
S1-147548498	
S1-26628666	
S1-240414034	
S1-377471644	
S1-795051867	
S1-518221826	
S1-569486927	
S1-788480541	
S1-650931728	
S1-949970105	
S1-224442543	
S1-262086042	
S1-539063080	
S1-758070549	
S1-102067063	
S1-232798487	
S1-105827392	
S1-906803032	
S1-42258623	
S1-578070457	
S1-179448674	
S1-377942865	
S1-117124656	
S1-993829678	
S1-170883326	
S1-966166665	
S1-168402024	
S1-432612382	
S1-106694036	
S1-860696171	
S1-947779057	
S1-478187960	
S1-901582927	
S1-903791016	
S1-11483643	
S1-347810367	
S1-557169552	
S1-618760923	
S1-342769339	
S1-533988643	
S1-683869141	
S1-293619205	
S1-896292297	
S1-926971348	
S1-329066163	
S1-658544337	
S1-137870529	
S1-486008614	
S1-935841397	
S1-326846186	
S1-711330965	
S1-722405675	
S1-463287529	
S1-149411806	
S1-541361289	
S1-977429262	
S1-11172779	
S1-350174317	
S1-279892562	
S1-822292739	
S1-272127430	
S1-667764898	
S1-581382815	
S1-473952711	
S1-221315364	
S1-250931789	
S1-598934460	
S1-584697437	
S1-405602194	
S1-608664540	
S1-84451840	
S1-167638623	
S1-956897563	
S1-729467781	
S1-80773469	
S1-513599911	
S1-533522938	
S1-581757578	
S1-657558693	
S1-402494925	
S1-387016214	
S1-266555379	
S1-669776689	
S1-225034106	
S1-751033619	
S1-976424391	
S1-519677292	
S1-443534708	
S1-382169090	
S1-790517362	
S1-880615423	
S1-449179193	
S1-48180936	
S1-427642601	
S1-912943762	
S1-671491624	
S1-55716966	
S1-98549181	
S1-815606753	
S1-407721399	
S1-796461188	
S1-959883069	
S1-166391907	
S1-726276781	
S1-120806394	
S1-391836868	
S1-200079725	
S1-765276200	
S1-899317092	
S1-775310986	
S1-305472241	
S1-865063383	
S1-264694687	
S1-526715015	
S1-299047552	
S1-983022047	
S1-864843313	
S1-301477237	
S1-673136886	
S1-230813348	
S1-404917346	
S1-672593972	
S1-541465582	
S1-703209922	
S1-985578465	
S1-602902072	
S1-487057151	
S1-736800651	
S1-935703327	
S1-308849584	
S1-61384671	
S1-852148273	
S1-787461836	
S1-629887537	
S1-71595254	
S1-140373393	
S1-712418507	
S1-515072958	
S1-197280203	
S1-794806928	
S1-195675964	
S1-245620451	
S1-402387176	
S1-218107486	
S1-899593553	
S1-103648967	
S1-186871220	
S1-856200540	
S1-952064431	
S1-15967051	
S1-499785692	
S1-954789288	
S1-543400611	
S1-552047258	
S1-654184515	
S1-276858394	
S1-533888847	
S1-323057996	
S1-320086079	
S1-855616906	
S1-744754397	
S1-152508801	
S1-307615125	
S1-143536197	
S1-618419675	
S1-259620026	
S1-584838253	
S1-39575732	
S1-692949559	
S1-777929094	
S1-31931266	
S1-337081657	
S1-478404464	
S1-916370847	
S1-373387246	
S1-769814533	
S1-423303116	
S1-765122448	
S1-143143410	
S1-45193124	
S1-957659829	
S1-783895442	
S1-241194969	
S1-906946241	
S1-660027440	
S1-461670379	
S1-985740908	
S1-870743390	
S1-575174642	
S1-828526849	
S1-670774972	
S1-222836798	
S1-941927098	
S1-36050400	
S1-480447397	
S1-810784492	
S1-311974093	
S1-59070872	
S1-226072612	
S1-142032781	
S1-45340570	
S1-917054737	
S1-740535429	
S1-547382550	
S1-705324532	
S1-754493357	
S1-831250685	
S1-522913763	
S1-934216469	
S1-860733442	
S1-750661182	
S1-881055954	
S1-514613275	
S1-914583493	
S1-607890592	
S1-123576263	
S1-351949258	
S1-652287609	
S1-975538421	
S1-399652471	
S1-489820330	
S1-459265885	
S1-329065638	
S1-325974220	
S1-293122678	
S1-406820024	
S1-677625506	
S1-146164660	
S1-446660894	
S1-720831376	
S1-322970668	
S1-603512987	
S1-515708142	
S1-621619027	
S1-571678867	
S1-475434066	
S1-44832721	
S1-73643688	
S1-389829785	
S1-908708575	
S1-407373690	
S1-129487038	
S1-757768634	
S1-443842458	
S1-906302489	
S1-836337159	
S1-317432810	
S1-29676446	
S1-641733504	
S1-628264763	
S1-617326546	
S1-134212823	
S1-563052726	
S1-468536106	
S1-14173735	
S1-332647251	
S1-217957750	
S1-990121956	
S1-73778505	
S1-505499864	
S1-220921987	
S1-930793828	
S1-92777166	
S1-694526898	
S1-767699511	
S1-728529555	
S1-638128832	
S1-403810741	
S1-733594883	
S1-562491304	
S1-491136206	
S1-201112839	
S1-750513522	
S1-665694632	
S1-845833663	
S1-658355065	
S1-596614047	
S1-592294131	
S1-437062378	
S1-1120102	
S1-463400859	
S1-40438195	
S1-492055681	
S1-249155369	
S1-932632094	
S1-840718013	
S1-689634385	
S1-639390518	
S1-807232527	
S1-5308195	
S1-218103420	
S1-913516047	
S1-586291714	
S1-498309017	
S1-514230893	
S1-716604051	
S1-346872030	
S1-146867417	
S1-482094020	
S1-220887760	
S1-26046875	
S1-755938174	
S1-282307218	
S1-17075718	
S1-477481289	
S1-883034077	
S1-460394558	
S1-938790742	
S1-53078701	
S1-440988123	
S1-903289741	
S1-289522425	
S1-980287383	
S1-307993358	
S1-924082974	
S1-581219602	
S1-667108166	
S1-307875866	
S1-100460794	
S1-248613636	
S1-786664553	
S1-344144068	
S1-126953632	
S1-557370412	
S1-616686159	
S1-276052128	
S1-764083611	
S1-133831982	
S1-165612846	
S1-7803700	
S1-807068045	
S1-804329115	
S1-424447492	
S1-830121570	
S1-497960353	
S1-447171342	
S1-329937523	
S1-774138226	
S1-177637478	
S1-995838881	
S1-590056143	
S1-318087936	
S1-763454556	
S1-549228388	
S1-112241089	
S1-423038111	
S1-534989528	
S1-593270583	
S1-693931224	
S1-767389281	
S1-813569355	
S1-693124776	
S1-720044635	
S1-733290007	
S1-228133926	
S1-558861915	
S1-669279083	
S1-488514818	
S1-196777004	
S1-412875621	
S1-580637198	
S1-673481371	
S1-937846636	
S1-145220794	
S1-251011052	
S1-489782023	
S1-370245336	
S1-237941811	
S1-573016752	
S1-898097340	
S1-382279860	
S1-395316873	
S1-912877974	
S1-650793969	
S1-74888542	
S1-573514563	
S1-596750278	
S1-154703303	
S1-126557493	
S1-725008002	
S1-988601275	
S1-753404819	
S1-626419543	
S1-560457112	
S1-649311297	
S1-652650064	
S1-778974909	
S1-958356049	
S1-55639441	
S1-642199078	
S1-244908293	
S1-272723892	
S1-843566558	
S1-454834135	
S1-419427065	
S1-328236147	
S1-333055706	
S1-189800582	
S1-755032002	
S1-667245441	
S1-257404767	
S1-562583380	
S1-864612738	
S1-49303005	
S1-324107840	
S1-700865544	
S1-578281785	
S1-799612793	
S1-705084429	
S1-167084059	
S1-700479380	
S1-907619545	
S1-827808098	
S1-570007441	
S1-241440391	
S1-470685162	
S1-937654476	
S1-100924044	
S1-773701187	
S1-698822548	
S1-367438678	
S1-334010423	
S1-191580834	
S1-52933535	
S1-240063613	
S1-757477029	
S1-540853898	
S1-384095941	
S1-585127049	
S1-37588878	
S1-555410066	
S1-745780830	
S1-997195158	
S1-461612339	
S1-151657300	
S1-607789485	
S1-856331133	
S1-97932183	
S1-741710803	
S1-241189286	
S1-739108360	
S1-750647545	
S1-313444553	
S1-759949116	
S1-200927253	
S1-700234729	
S1-891690675	
S1-447511049	
S1-788473040	
S1-193832241	
S1-1442433	
S1-737447851	
S1-651242280	
S1-992646451	
S1-475834262	
S1-512996230	
S1-45658342	
S1-379683628	
S1-636353962	
S1-405074481	
S1-633277570	
S1-965850934	
S1-37878759	
S1-639958525	
S1-656284403	
S1-438186667	
S1-440389225	
S1-103228349	
S1-202654102	
S1-44024494	
S1-714559707	
S1-733059779	
S1-190778439	
S1-643815315	
S1-784040568	
S1-19674074	
S1-687443441	
S1-535205962	
S1-839063043	
S1-62193120	
S1-159966605	
S1-58506863	
S1-354931910	
S1-954269341	
S1-372245082	
S1-561898259	
S1-312627881	
S1-786350920	
S1-71805099	
S1-331754887	
S1-644030642	
S1-325413412	
S1-76845158	
S1-896890808	
S1-769482090	
S1-618982360	
S1-701625804	
S1-701136694	
S1-956574846	
S1-336313200	
S1-116213562	
S1-442704690	
S1-626393772	
S1-33122397	
S1-882661287	
S1-600328758	
S1-466756397	
S1-443269250	
S1-381832976	
S1-337070508	
S1-686148514	
S1-599296180	
S1-696539121	
S1-489030124	
S1-893781011	
S1-315658788	
S1-189552336	
S1-676424099	
S1-305777097	
S1-735045054	
S1-76365154	
S1-798493930	
S1-587399612	
S1-851478447	
S1-914455456	
S1-193477951	
S1-846336917	
S1-410481696	
S1-427531485	
S1-290868682	
S1-193181440	
S1-484448860	
S1-53619295	
S1-424421169	
S1-883553050	
S1-661092369	
S1-503248917	
S1-734760847	
S1-46926584	
S1-277014634	
S1-86163193	
S1-201956901	
S1-904669751	
S1-656137509	
S1-67590313	
S1-674914967	
S1-207070582	
S1-717282539	
S1-984276929	
S1-321825889	
S1-83154552	
S1-618933402	
S1-782553097	
S1-186527688	
S1-108621251	
S1-712961244	
S1-259123476	
S1-782786878	
S1-388507164	
S1-632406610	
S1-83467231	
S1-483421527	
S1-337021163	
S1-421949472	
S1-575955656	
S1-910737469	
S1-34561630	
S1-57348605	
S1-705677344	
S1-226805741	
S1-242879085	
S1-683617881	
S1-846160569	
S1-634758155	
S1-421998899	
S1-5165369	
S1-974732084	
S1-114850409	
S1-962435320	
S1-388245391	
S1-217576490	
S1-698449589	
S1-815211774	
S1-736162673	
S1-611784409	
S1-211592475	
S1-555350289	
S1-493985363	
S1-930848316	
S1-307464396	
S1-177770989	
S1-302590962	
S1-340171740	
S1-950519154	
S1-706653311	
S1-528548249	
S1-220260659	
S1-958298659	
S1-997019898	
S1-584741776	
S1-760816211	
S1-484891659	
S1-232204608	
S1-354802188	
S1-290176575	
S1-203203200	
S1-555917187	
S1-517740762	
S1-766239781	
S1-919889935	
S1-912365081	
S1-714405902	
S1-527663205	
S1-924164040	
S1-450555812	
S1-440645767	
S1-708603034	
S1-572311197	
S1-664710253	
S1-246032126	
S1-927444151	
S1-762257555	
S1-919888511	
S1-218502829	
S1-628791360	
S1-332618783	
S1-446339436	
S1-796251718	
S1-631521728	
S1-274886557	
S1-181784181	
S1-861266479	
S1-790075030	
S1-736713159	
S1-749427923	
S1-477329215	
S1-875446819	
S1-388152199	
S1-847388061	
S1-638197043	
S1-10781672	
S1-789997025	
S1-523081588	
S1-874053309	
S1-641381946	
S1-38884393	
S1-388483103	
S1-85494537	
S1-793181812	
S1-659049595	
S1-596707551	
S1-309536194	
S1-105249655	
S1-550631169	
S1-648793119	
S1-798806688	
S1-16940394	
S1-353664395	
S1-440971196	
S1-69348624	
S1-326577382	
S1-297420248	
S1-484953487	
S1-873701512	
S1-192330724	
S1-731819349	
S1-102808571	
S1-819626897	
S1-963877776	
S1-409336656	
S1-658171306	
S1-625702584	
S1-547584910	
S1-943778760	
S1-605927691	
S1-939502579	
S1-460245261	
S1-312444742	
S1-156309919	
S1-203108026	
S1-766358539	
S1-154719183	
S1-154668605	
S1-221545619	
S1-405858712	
S1-838114892	
S1-188335410	
S1-816637655	
S1-231982106	
S1-744386862	
S1-442441700	
S1-590847839	
S1-338592807	
S1-677821747	
S1-491043289	
S1-465651224	
S1-533583412	
S1-858917964	
S1-246219023	
S1-750360829	
S1-288311477	
S1-429756989	
S1-219453359	
S1-872344748	
S1-128375300	
S1-761390259	
S1-160661450	
S1-196036715	
S1-247612983	
S1-618992155	
S1-535548928	
S1-680305536	
S1-792917107	
S1-41923451	
S1-448241121	
S1-975606427	
S1-35243972	
S1-125725967	
S1-427417800	
S1-661990269	
S1-428740320	
S1-57650800	
S1-202888373	
S1-68375440	
S1-308217733	
S1-482469421	
S1-638312402	
S1-888351367	
S1-60188978	
S1-177193455	
S1-720777077	
S1-204942299	
S1-606109731	
S1-921803281	
S1-106856665	
S1-175413430	
S1-147535796	
S1-687237362	
S1-971358208	
S1-893246797	
S1-401864203	
S1-841952191	
S1-228177533	
S1-419058082	
S1-732961671	
S1-920390520	
S1-635175351	
S1-461785753	
S1-910473852	
S1-868446826	
S1-788848138	
S1-575078315	
S1-44946269	
S1-618904464	
S1-429851261	
S1-714077420	
S1-483602789	
S1-511231810	
S1-642966235	
S1-534513269	
S1-923648013	
S1-327546778	
S1-544687180	
S1-521308469	
S1-3557546	
S1-747120037	
S1-787806823	
S1-986806167	
S1-353310159	
S1-376870527	
S1-429185660	
S1-517260039	
S1-178572489	
S1-20627394	
S1-700683583	
S1-215948660	
S1-49422945	
S1-679007878	
S1-714329849	
S1-639347951	
S1-523196895	
S1-680785149	
S1-480457861	
S1-151701394	
S1-952390528	
S1-682183472	
S1-75822229	
S1-908361288	
S1-544503346	
S1-750039402	
S1-811974162	
S1-90129787	
S1-994904855	
S1-796020041	
S1-691438963	
S1-286465454	
S1-219390382	
S1-726042940	
S1-704356919	
S1-943139131	
S1-77608143	
S1-121813230	
S1-874715914	
S1-658654418	
S1-322452675	
S1-472443883	
S1-618461228	
S1-209595740	
S1-688607805	
S1-596538042	
S1-273249163	
S1-911040502	
S1-286723247	
S1-122542345	
S1-910799639	
S1-124911378	
S1-388199288	
S1-971559313	
S1-496369034	
S1-708413044	
S1-123645591	
S1-606322048	
S1-989292929	
S1-632671163	
S1-910193711	
S1-932751177	
S1-297861839	
S1-13313453	
S1-459645780	
S1-22482771	
S1-738045284	
S1-788291440	
S1-840695858	
S1-613023372	
S1-180650580	
S1-488052935	
S1-401305941	
S1-993469683	
S1-214199077	
S1-773817576	
S1-52553681	
S1-772559589	
S1-562353733	
S1-267626025	
S1-858558106	
S1-857651536	
S1-90899239	
S1-489140946	
S1-268077715	
S1-523607347	
S1-846495811	
S1-994206564	
S1-372672851	
S1-708578140	
S1-904154429	
S1-891933117	
S1-221438257	
S1-879751758	
S1-732240961	
S1-140236337	
S1-774458452	
S1-872899714	
S1-274490349	
S1-275722977	
S1-547036696	
S1-852435036	
S1-739530450	
S1-211740417	
S1-641844231	
S1-962765467	
S1-298114695	
S1-259892627	
S1-516649368	
S1-489433719	
S1-26435801	
S1-958479038	
S1-233860097	
S1-171173719	
S1-859295838	
S1-813286509	
S1-901392046	
S1-403671285	
S1-444758994	
S1-125906634	
S1-337189608	
S1-289797	
S1-995196933	
S1-184025150	
S1-448267460	
S1-923989066	
S1-588683396	
S1-267914232	
S1-732418664	
S1-634363854	
S1-48074803	
S1-498282217	
S1-356288671	
S1-301232777	
S1-521482584	
S1-511635908	
S1-241026415	
S1-966190490	
S1-207004701	
S1-600405366	
S1-864089032	
S1-945451740	
S1-436728967	
S1-840497698	
S1-124755498	
S1-964594680	
S1-85452342	
S1-95763054	
S1-21929210	
S1-79590561	
S1-553805025	
S1-238911744	
S1-778806346	
S1-510129267	
S1-547691555	
S1-213366728	
S1-292044369	
S1-426766569	
S1-754169093	
S1-587182916	
S1-157009161	
S1-303714420	
S1-238949648	
S1-171641868	
S1-960366103	
S1-967759454	
S1-255090841	
S1-308621662	
S1-900740725	
S1-262247415	
S1-91022467	
S1-850605679	
S1-531092926	
S1-854128353	
S1-115657234	
S1-953264718	
S1-572628619	
S1-129137876	
S1-379381643	
S1-842706082	
S1-893217388	
S1-87687506	
S1-796868772	
S1-918398280	
S1-603084324	
S1-341063793	
S1-604580133	
S1-729988987	
S1-373022381	
S1-545201764	
S1-390252121	
S1-378974228	
S1-945590651	
S1-692471807	
S1-70304206	
S1-710157655	
S1-512127022	
S1-831923485	
S1-928512730	
S1-374644632	
S1-163099746	
S1-966266474	
S1-179536424	
S1-731314679	
S1-134467695	
S1-785725841	
S1-970711261	
S1-943539291	
S1-583065272	
S1-331007493	
S1-246613826	
S1-362433069	
S1-459984140	
S1-630888300	
S1-904484315	
S1-67169593	
S1-758680230	
S1-158673108	
S1-568095292	
S1-957064394	
S1-398975579	
S1-27412725	
S1-261204121	
S1-533056362	
S1-219896237	
S1-821625770	
S1-554221067	
S1-310373781	
S1-785346955	
S1-221868916	
S1-973621705	
S1-149277660	
S1-87107159	
S1-774841786	
S1-263775088	
S1-901471406	
S1-402129124	
S1-562895326	
S1-956348821	
S1-852992971	
S1-938473594	
S1-164896274	
S1-351688184	
S1-768908939	
S1-642556170	
S1-91272340	
S1-125339420	
S1-92753223	
S1-631479201	
S1-776755474	
S1-7029542	
S1-465371823	
S1-707782242	
S1-919529719	
S1-725913461	
S1-32677738	
S1-744300793	
S1-468118516	
S1-568485477	
S1-669870051	
S1-415387940	
S1-807004356	
S1-299995446	
S1-665272235	
S1-636086367	
S1-436994877	
S1-283985549	
S1-291608573	
S1-95246987	
S1-140410853	
S1-465658290	
S1-94446158	
S1-354244869	
S1-790521767	
S1-232288883	
S1-23624449	
S1-82163842	
S1-183235572	
S1-598014910	
S1-714079881	
S1-379631122	
S1-516887444	
S1-246844238	
S1-730390346	
S1-431549235	
S1-575824749	
S1-819007632	
S1-366538983	
S1-759776207	
S1-436221709	
S1-121586632	
S1-473872953	
S1-60490751	
S1-408224983	
S1-527818224	
S1-764769373	
S1-916603429	
S1-263854686	
S1-620965338	
S1-306835759	
S1-598167773	
S1-474752946	
S1-228229787	
S1-506617149	
S1-156685442	
S1-927557769	
S1-278899619	
S1-207804143	
S1-336954819	
S1-978004735	
S1-643834744	
S1-55150336	
S1-694254644	
S1-594354869	
S1-734812559	
S1-395747417	
S1-133726642	
S1-815964115	
S1-10459565	
S1-162657603	
S1-515583222	
S1-64429589	
S1-216916804	
S1-108133529	
S1-16446879	
S1-996291079	
S1-263085782	
S1-707057441	
S1-154351391	
S1-682184933	
S1-775107858	
S1-334650060	
S1-849630374	
S1-63360202	
S1-440751205	
S1-698710662	
S1-47769331	
S1-945360391	
S1-506616978	
S1-283538407	
S1-720342918	
S1-549240253	
S1-750864938	
S1-220084921	
S1-343273828	
S1-317363337	
S1-540466437	
S1-905916694	
S1-935810789	
S1-431598643	
S1-76835099	
S1-391150694	
S1-628680569	
S1-299677751	
S1-454802421	
S1-808949240	
S1-667284300	
S1-717108073	
S1-866533397	
S1-271891359	
S1-162442089	
S1-492285617	
S1-211251594	
S1-90508168	
S1-831268867	
S1-739584172	
S1-771762254	
S1-210499018	
S1-629474007	
S1-716259203	
S1-715595521	
S1-816345725	
S1-612826948	
S1-443276260	
S1-495291598	
S1-840854323	
S1-13263134	
S1-306211548	
S1-780823360	
S1-589666205	
S1-570239793	
S1-812468044	
S1-401204594	
S1-388203613	
S1-441630804	
S1-333239676	
S1-963108098	
S1-105994064	
S1-768135650	
S1-355877718	
S1-415400097	
S1-833585060	
S1-3548629	
S1-452583127	
S1-210978493	
S1-827710942	
S1-976475136	
S1-728171105	
S1-791059997	
S1-644148320	
S1-726216331	
S1-846357873	
S1-342951831	
S1-135099760	
S1-714067909	
S1-346094403	
S1-243236242	
S1-210146847	
S1-74346191	
S1-110418596	
S1-673637219	
S1-181819964	
S1-445520074	
S1-286670231	
S1-284126036	
S1-622654527	
S1-955714374	
S1-13421485	
S1-192939249	
S1-992938686	
S1-728071474	
S1-483199532	
S1-562583127	
S1-74653114	
S1-187235323	
S1-456450816	
S1-484217155	
S1-314546470	
S1-432919128	
S1-405539317	
S1-448724215	
S1-3691239	
S1-852712186	
S1-439936870	
S1-257424560	
S1-630651078	
S1-95528421	
S1-454866261	
S1-851650494	
S1-960311166	
S1-197981349	
S1-651515941	
S1-70822873	
S1-528167894	
S1-671126660	
S1-57894782	
S1-322358360	
S1-549445098	
S1-757370873	
S1-913775724	
S1-397555731	
S1-811366506	
S1-85672105	
S1-775742331	
S1-625153781	
S1-82882147	
S1-246771260	
S1-105334146	
S1-652202046	
S1-347851016	
S1-610083316	
S1-434847246	
S1-31753683	
S1-790149645	
S1-719775404	
S1-623945047	
S1-22652693	
S1-277377920	
S1-949105439	
S1-894253368	
S1-551580984	
S1-438092418	
S1-205322546	
S1-946073994	
S1-767519231	
S1-17833262	
S1-709949202	
S1-907766936	
S1-924150937	
S1-627358152	
S1-498352099	
S1-14866099	
S1-826150712	
S1-159301101	
S1-743314341	
S1-257182022	
S1-987752445	
S1-789037213	
S1-197727862	
S1-769567685	
S1-489260119	
S1-851055624	
S1-354455611	
S1-399371867	
S1-375579069	
S1-387856021	
S1-252068059	
S1-506221833	
S1-617543495	
S1-110042519	
S1-972726859	
S1-38451528	
S1-34983322	
S1-781854374	
S1-141407942	
S1-267378563	
S1-428513969	
S1-522096220	
S1-177049354	
S1-925358109	
S1-979547986	
S1-652950277	
S1-923766391	
S1-394642076	
S1-162881013	
S1-758778797	
S1-946474334	
S1-662502009	
S1-331707670	
S1-167833578	
S1-840448762	
S1-136137906	
S1-476492862	
S1-76844888	
S1-44803560	
S1-127371136	
S1-992803857	
S1-827303594	
S1-678219668	
S1-692496075	
S1-216408248	
S1-547528968	
S1-80005094	
S1-398771695	
S1-994407008	
S1-953380015	
S1-646807832	
S1-88597680	
S1-521720736	
S1-302253652	
S1-351659438	
S1-290238589	
S1-847877954	
S1-669982429	
S1-432635859	
S1-988184895	
S1-219806298	
S1-242765065	
S1-12838861	
S1-429982774	
S1-868715737	
S1-392877917	
S1-705984118	
S1-88623617	
S1-367729398	
S1-726670510	
S1-232163492	
S1-823788524	
S1-136227642	
S1-9051645	
S1-46843784	
S1-668762034	
S1-485331101	
S1-745059498	
S1-182352008	
S1-269480237	
S1-917900366	
S1-266914077	
S1-654815541	
S1-809013510	
S1-795462117	
S1-506844307	
S1-347075165	
S1-945978335	
S1-497891937	
S1-710145831	
S1-557325761	
S1-848145225	
S1-271876796	
S1-138208605	
S1-192112139	
S1-69935419	
S1-354911905	
S1-943740563	
S1-151157495	
S1-952347082	
S1-862699295	
S1-75966225	
S1-57159397	
S1-31347471	
S1-190474416	
S1-346536239	
S1-892135269	
S1-977737523	
S1-14397657	
S1-379187097	
S1-475756218	
S1-678942467	
S1-583499446	
S1-319123315	
S1-549104471	
S1-248931969	
S1-414932577	
S1-948766817	
S1-959517787	
S1-918497265	
S1-410139187	
S1-976521663	
S1-579879425	
S1-598483634	
S1-893200955	
S1-218272294	
S1-722291185	
S1-980004950	
S1-559167236	
S1-244617086	
S1-533126499	
S1-89393216	
S1-273121201	
S1-315347506	
S1-316484869	
S1-611897081	
S1-494090197	
S1-745376303	
S1-439896911	
S1-372285376	
S1-339930040	
S1-341173150	
S1-11559198	
S1-672720036	
S1-149472874	
S1-681404732	
S1-741544048	
S1-117374073	
S1-258091290	
S1-265603031	
S1-89072332	
S1-360755167	
S1-396560502	
S1-500308575	
S1-837067731	
S1-398156689	
S1-495577357	
S1-546182661	
S1-648674922	
S1-1900469	
S1-677620581	
S1-671904040	
S1-861523355	
S1-372249803	
S1-572790160	
S1-122342758	
S1-774465555	
S1-196224130	
S1-451281826	
S1-159545842	
S1-173401201	
S1-65034685	
S1-814039696	
S1-603272005	
S1-515623482	
S1-526311181	
S1-205956492	
S1-261226148	
S1-531042031	
S1-906652330	
S1-980918863	
S1-332395916	
S1-404150193	
S1-34532252	
S1-755610763	
S1-8853314	
S1-825251999	
S1-510504700	
S1-828397431	
S1-177674448	
S1-528837280	
S1-344502679	
S1-47824381	
S1-232420456	
S1-606348149	
S1-351923899	
S1-871507378	
S1-185387090	
S1-74797846	
S1-512939599	
S1-909305275	
S1-131155692	
S1-118654142	
S1-233237645	
S1-449967506	
S1-840340606	
S1-670268028	
S1-846952880	
S1-490623704	
S1-274925692	
S1-6620369	
S1-713481667	
S1-695490495	
S1-494945932	
S1-386152689	
S1-255599298	
S1-874643981	
S1-335226101	
S1-581133117	
S1-450667949	
S1-163450525	
S1-242507267	
S1-521489044	
S1-434862335	
S1-710793097	
S1-453662024	
S1-678468445	
S1-538253391	
S1-950878680	
S1-388362966	
S1-878859622	
S1-115386355	
S1-282608118	
S1-907950947	
S1-908069361	
S1-601165352	
S1-548385950	
S1-131841284	
S1-220552360	
S1-412616901	
S1-555369317	
S1-334996447	
S1-438532591	
S1-277848190	
S1-525028892	
S1-873442207	
S1-23618019	
S1-123587258	
S1-962280261	
S1-860091475	
S1-612058038	
S1-337300085	
S1-56876731	
S1-722096611	
S1-531755243	
S1-76531594	
S1-99098432	
S1-8731816	
S1-864093388	
S1-653023012	
S1-847840310	
S1-504035501	
S1-324844623	
S1-204631479	
S1-320500349	
S1-455312242	
S1-822340043	
S1-672928103	
S1-114167540	
S1-66154351	
S1-749578382	
S1-713906479	
S1-209461488	
S1-516261021	
S1-871104119	
S1-67005936	
S1-713921409	
S1-329237081	
S1-285617979	
S1-861759929	
S1-292595404	
S1-28341566	
S1-803016938	
S1-973310935	
S1-92606707	
S1-694745232	
S1-144274940	
S1-381401087	
S1-152560873	
S1-591960471	
S1-459442196	
S1-24394706	
S1-153146218	
S1-722064328	
S1-329479952	
S1-101154733	
S1-212677128	
S1-157330686	
S1-926944361	
S1-932091383	
S1-748958732	
S1-407654264	
S1-960202214	
S1-326042432	
S1-26570538	
S1-115604131	
S1-814013173	
S1-950047503	
S1-816806651	
S1-753026938	
S1-321869706	
S1-956145942	
S1-102092317	
S1-875778203	
S1-491794520	
S1-713348464	
S1-211142141	
S1-634610332	
S1-99954607	
S1-244903500	
S1-923688134	
S1-501413716	
S1-643973995	
S1-566228328	
S1-127705396	
S1-997853473	
S1-55480559	
S1-544612229	
S1-364411389	
S1-681088096	
S1-203478566	
S1-476732670	
S1-555579481	
S1-192569110	
S1-470791690	
S1-43711739	
S1-665766977	
S1-685756581	
S1-853163688	
S1-353684891	
S1-945128774	
S1-426351934	
S1-769727135	
S1-452434765	
S1-585986705	
S1-247594164	
S1-199310468	
S1-427389120	
S1-515305398	
S1-268615618	
S1-716158090	
S1-172958490	
S1-965334558	
S1-687807398	
S1-603224529	
S1-67971888	
S1-607475493	
S1-634492363	
S1-307837973	
S1-775486611	
S1-135119694	
S1-59454152	
S1-44829369	
S1-540464439	
S1-183650055	
S1-288931430	
S1-835496695	
S1-533464021	
S1-78371793	
S1-734135891	
S1-323952679	
S1-772118004	
S1-196773667	
S1-965957271	
S1-528903974	
S1-312513406	
S1-728246746	
S1-333630891	
S1-426176765	
S1-79772049	
S1-211191931	
S1-84897919	
S1-623742372	
S1-779657425	
S1-979775568	
S1-962624367	
S1-871544882	
S1-466875253	
S1-553289156	
S1-285198980	
S1-893139601	
S1-804423982	
S1-74577228	
S1-774719750	
S1-538239829	
S1-505093692	
S1-105462604	
S1-263401495	
S1-962572205	
S1-484151099	
S1-600479922	
S1-710030819	
S1-400950017	
S1-664533739	
S1-641521538	
S1-574132867	
S1-328584708	
S1-556477229	
S1-859753923	
S1-293570372	
S1-563807678	
S1-587243353	
S1-731704475	
S1-673552678	
S1-715816473	
S1-161340366	
S1-383997538	
S1-894657764	
S1-466341745	
S1-78249158	
S1-907988767	
S1-459365976	
S1-170348270	
S1-976302608	
S1-883775116	
S1-67951250	
S1-27610521	
S1-668820810	
S1-56536956	
S1-427285316	
S1-274508775	
S1-902000804	
S1-336158652	
S1-483088494	
S1-480678958	
S1-82714362	
S1-174467251	
S1-206502637	
S1-774749163	
S1-182502875	
S1-980215837	
S1-597042110	
S1-49755442	
S1-385884447	
S1-260875297	
S1-997997632	
S1-327516008	
S1-528122468	
S1-649372371	
S1-69026083	
S1-537978025	
S1-39974132	
S1-378176090	
S1-85870193	
S1-293783230	
S1-441057333	
S1-398156092	
S1-712808534	
S1-809923588	
S1-907925633	
S1-681116226	
S1-621693012	
S1-339889874	
S1-660051846	
S1-727521491	
S1-351458450	
S1-551590476	
S1-317106351	
S1-704841266	
S1-226928249	
S1-246043473	
S1-721419743	
S1-708971705	
S1-268343305	
S1-219817042	
S1-260440405	
S1-708652258	
S1-382841899	
S1-178438393	
S1-88174520	
S1-802693565	
S1-524673939	
S1-865132511	
S1-289814696	
S1-36705144	
S1-376620147	
S1-573008876	
S1-670643666	
S1-582385973	
S1-71043683	
S1-737783959	
S1-145798710	
S1-824394006	
S1-417926500	
S1-241987063	
S1-887192122	
S1-828605400	
S1-190843086	
S1-585951458	
S1-344665822	
S1-593421955	
S1-566454897	
S1-235684588	
S1-11865147	
S1-642709221	
S1-446844125	
S1-393120433	
S1-361005848	
S1-896626034	
S1-662517901	
S1-69516363	
S1-711268589	
S1-458934119	
S1-605833617	
S1-379796343	
S1-440039154	
S1-925379729	
S1-787791123	
S1-762932201	
S1-964226683	
S1-437352705	
S1-374765600	
S1-586245621	
S1-188919955	
S1-678915835	
S1-320769996	
S1-672760701	
S1-60400943	
S1-375576084	
S1-406589576	
S1-992325825	
S1-502077539	
S1-300395496	
S1-22131575	
S1-856849042	
S1-553833283	
S1-462903418	
S1-675821005	
S1-382284080	
S1-491326243	
S1-557084750	
S1-205207034	
S1-614658263	
S1-276214128	
S1-393296984	
S1-837878496	
S1-320095989	
S1-766974441	
S1-242225778	
S1-985278774	
S1-252557079	
S1-745156045	
S1-158738246	
S1-992651338	
S1-954686152	
S1-708861706	
S1-995124333	
S1-4143446	
S1-304390114	
S1-243492346	
S1-655908227	
S1-192984	
S1-536176896	
S1-914708175	
S1-973350462	
S1-33929475	
S1-831649239	
S1-783152393	
S1-938258941	
S1-476767163	
S1-52561398	
S1-703850262	
S1-612029716	
S1-219817439	
S1-822609622	
S1-1101456	
S1-188159349	
S1-8508444	
S1-699721226	
S1-98773016	
S1-464076918	
S1-29383021	
S1-544999938	
S1-298625846	
S1-325879545	
S1-306580773	
S1-795981518	
S1-750087535	
S1-326096576	
S1-479052676	
S1-102509328	
S1-73700971	
S1-330428857	
S1-762149211	
S1-555775937	
S1-638671172	
S1-499266884	
S1-260612252	
S1-674270346	
S1-159314474	
S1-264458723	
S1-623010888	
S1-566265453	
S1-822115440	
S1-263184862	
S1-735247657	
S1-894359148	
S1-750675408	
S1-449171849	
S1-545237886	
S1-836363245	
S1-425858660	
S1-150111624	
S1-186556282	
S1-879321389	
S1-574155133	
S1-384498663	
S1-927882225	
S1-467214528	
S1-872193644	
S1-558484785	
S1-172611884	
S1-635140919	
S1-671463259	
S1-754982371	
S1-260837575	
S1-920446249	
S1-409479725	
S1-467361937	
S1-388565911	
S1-501093053	
S1-569350164	
S1-618348640	
S1-458130772	
S1-498566339	
S1-268669067	
S1-499676345	
S1-38217705	
S1-843560729	
S1-119853718	
S1-852513892	
S1-765730633	
S1-518019591	
S1-242205089	
S1-993229582	
S1-756828693	
S1-216380214	
S1-531818420	
S1-601486176	
S1-519190170	
S1-156692471	
S1-882513972	
S1-593199514	
S1-406660914	
S1-572338294	
S1-865199232	
S1-529684905	
S1-328997311	
S1-561093798	
S1-643243730	
S1-6049393	
S1-857527510	
S1-493183640	
S1-830159632	
S1-950274970	
S1-507847705	
S1-133539404	
S1-546310278	
S1-924818276	
S1-898937545	
S1-573340150	
S1-815790585	
S1-25959355	
S1-914496453	
S1-842850315	
S1-139448568	
S1-766094684	
S1-980756920	
S1-26972220	
S1-95094448	
S1-203076519	
S1-861696239	
S1-108514721	
S1-141216441	
S1-382089726	
S1-98839828	
S1-390633817	
S1-772104779	
S1-208575212	
S1-171028367	
S1-470322770	
S1-279406968	
S1-908010474	
S1-350976457	
S1-957847859	
S1-893092262	
S1-348573367	
S1-207800307	
S1-657275121	
S1-677209593	
S1-220454123	
S1-961914104	
S1-497049386	
S1-914163473	
S1-942131199	
S1-564765699	
S1-337620117	
S1-557030875	
S1-909745869	
S1-292757389	
S1-258855579	
S1-902804675	
S1-568956292	
S1-878141277	
S1-784514996	
S1-689580189	
S1-908175143	
S1-428668184	
S1-957112804	
S1-245967620	
S1-211274215	
S1-820416856	
S1-893657089	
S1-53338151	
S1-853521614	
S1-494063096	
S1-497812883	
S1-248679754	
S1-584568510	
S1-180506407	
S1-492494206	
S1-759109531	
S1-437925959	
S1-144635306	
S1-865799397	
S1-136750675	
S1-647189784	
S1-108279137	
S1-327910401	
S1-47692913	
S1-83831401	
S1-434169097	
S1-155796489	
S1-349094421	
S1-822492976	
S1-905148640	
S1-370470963	
S1-183383764	
S1-327298339	
S1-707183377	
S1-517875342	
S1-161757192	
S1-702935256	
S1-58762131	
S1-573169622	
S1-763566761	
S1-87074407	
S1-815446134	
S1-161337014	
S1-447356392	
S1-557406911	
S1-624358506	
S1-608419003	
S1-82704580	
S1-881053119	
S1-344943699	
S1-688299992	
S1-515416404	
S1-37484772	
S1-990853535	
S1-383689907	
S1-646257562	
S1-680984212	
S1-351698413	
S1-485690667	
S1-201542326	
S1-743586817	
S1-245285153	
S1-147202439	
S1-279746244	
S1-820703801	
S1-924840109	
S1-648244328	
S1-37187771	
S1-756257682	
S1-905586497	
S1-182826941	
S1-430338474	
S1-416820677	
S1-283685349	
S1-138396411	
S1-162551304	
S1-704197706	
S1-949184360	
S1-992932461	
S1-199692780	
S1-910462832	
S1-334125164	
S1-55675855	
S1-655539970	
S1-767058419	
S1-972329925	
S1-270542494	
S1-199987039	
S1-384861092	
S1-861621963	
S1-815997621	
S1-158892744	
S1-884862158	
S1-780637204	
S1-444062227	
S1-111380193	
S1-494770466	
S1-693770981	
S1-301030368	
S1-119170868	
S1-365475533	
S1-419929302	
S1-995378838	
S1-529656399	
S1-192673878	
S1-8764161	
S1-977364599	
S1-508815823	
S1-118337101	
S1-220247232	
S1-17339381	
S1-338410901	
S1-137374858	
S1-497155472	
S1-278478027	
S1-971983143	
S1-979964887	
S1-616763550	
S1-313219985	
S1-787255287	
S1-647658706	
S1-396779207	
S1-81314470	
S1-705603372	
S1-505231899	
S1-796914922	
S1-121670485	
S1-854954412	
S1-321877886	
S1-316626845	
S1-498987567	
S1-283478795	
S1-771130174	
S1-384050302	
S1-980227505	
S1-803035322	
S1-804534185	
S1-229627467	
S1-708969346	
S1-662114745	
S1-403395550	
S1-672445783	
S1-902701804	
S1-80486558	
S1-797699772	
S1-319364566	
S1-136512898	
S1-353799923	
S1-611186651	
S1-279446806	
S1-600793393	
S1-916245688	
S1-43296348	
S1-98876495	
S1-750743297	
S1-144680242	
S1-469177694	
S1-292703509	
S1-231565842	
S1-387278254	
S1-341837466	
S1-618573412	
S1-54420205	
S1-951183430	
S1-888448634	
S1-212032173	
S1-289329870	
S1-817429923	
S1-926668259	
S1-397140255	
S1-61706229	
S1-873254460	
S1-857609938	
S1-94288639	
S1-601973042	
S1-848129893	
S1-510619005	
S1-205556070	
S1-139961428	
S1-639624187	
S1-999770008	
S1-843554261	
S1-510394669	
S1-94643371	
S1-207369509	
S1-913359617	
S1-295699995	
S1-116714704	
S1-594835605	
S1-967010440	
S1-631359163	
S1-432456861	
S1-729795953	
S1-275807127	
S1-744693247	
S1-272679307	
S1-54741905	
S1-402312204	
S1-239040445	
S1-586617412	
S1-48042398	
S1-169519226	
S1-840284923	
S1-422578216	
S1-621326937	
S1-689012189	
S1-35628781	
S1-660662666	
S1-892440031	
S1-100559941	
S1-625671392	
S1-590899209	
S1-254109927	
S1-312195197	
S1-672456867	
S1-280897772	
S1-853073688	
S1-349880030	
S1-913463340	
S1-319250263	
S1-656836770	
S1-708091996	
S1-565584575	
S1-561713507	
S1-236746325	
S1-545313647	
S1-107934072	
S1-515533815	
S1-979938930	
S1-433887168	
S1-578983822	
S1-80571105	
S1-185790201	
S1-566540458	
S1-772112917	
S1-653664553	
S1-144964246	
S1-932596570	
S1-931643626	
S1-940849754	
S1-869626749	
S1-613242703	
S1-397861387	
S1-485102954	
S1-391263719	
S1-525417001	
S1-223059131	
S1-474327244	
S1-948912201	
S1-239414582	
S1-793656305	
S1-223226381	
S1-272597688	
S1-717911044	
S1-377389469	
S1-445054267	
S1-90810075	
S1-839446795	
S1-887060779	
S1-220807644	
S1-525529357	
S1-871733171	
S1-131622546	
S1-561656470	
S1-938016124	
S1-28776613	
S1-587656352	
S1-784856932	
S1-9115681	
S1-959970495	
S1-583032127	
S1-971850426	
S1-790521318	
S1-530652067	
S1-281577804	
S1-77867111	
S1-705563404	
S1-400212184	
S1-797641464	
S1-611494505	
S1-386632032	
S1-964959625	
S1-244151874	
S1-184753944	
S1-314223426	
S1-547021470	
S1-625478543	
S1-110380405	
S1-309407790	
S1-324535341	
S1-210951678	
S1-693773700	
S1-3931086	
S1-116644692	
S1-418681286	
S1-395216449	
S1-969692297	
S1-106058458	
S1-536357910	
S1-474860754	
S1-520423988	
S1-623915795	
S1-620010152	
S1-100897434	
S1-278936782	
S1-654007483	
S1-552089124	
S1-8839488	
S1-546977246	
S1-122018139	
S1-493084871	
S1-443779817	
S1-967316861	
S1-388748611	
S1-150365666	
S1-887268926	
S1-341072338	
S1-22032843	
S1-304248535	
S1-18535156	
S1-834364441	
S1-646017281	
S1-389884523	
S1-114494253	
S1-821783420	
S1-809295280	
S1-423268484	
S1-823382531	
S1-963383531	
S1-249300551	
S1-968928915	
S1-144773134	
S1-621743936	
S1-773017982	
S1-627535426	
S1-606754081	
S1-626398578	
S1-445049339	
S1-512977268	
S1-569075241	
S1-95585474	
S1-870487318	
S1-723944074	
S1-157094128	
S1-827940519	
S1-102186049	
S1-561983465	
S1-218477814	
S1-835771729	
S1-849786048	
S1-460205017	
S1-954686170	
S1-224703016	
S1-570550851	
S1-61522952	
S1-472058848	
S1-49168638	
S1-815045201	
S1-537370589	
S1-323879580	
S1-125863668	
S1-295178690	
S1-58960971	
S1-146326736	
S1-833859699	
S1-624190405	
S1-101639645	
S1-329225052	
S1-792960666	
S1-417324728	
S1-855921293	
S1-387025203	
S1-188405729	
S1-304720617	
S1-861410915	
S1-489495432	
S1-993725575	
S1-875821956	
S1-175207037	
S1-890706904	
S1-733420249	
S1-974715983	
S1-682167293	
S1-522410040	
S1-608325195	
S1-977783490	
S1-184077174	
S1-28319635	
S1-266026703	
S1-854513843	
S1-276245329	
S1-184948295	
S1-878134473	
S1-898471677	
S1-465550747	
S1-699895565	
S1-308606575	
S1-88212232	
S1-524947947	
S1-519693590	
S1-323331156	
S1-601576514	
S1-896287477	
S1-318768177	
S1-130482385	
S1-551674638	
S1-840112070	
S1-535345810	
S1-263283707	
S1-366204436	
S1-33910362	
S1-27174537	
S1-299290631	
S1-290682973	
S1-643352695	
S1-834525567	
S1-501530802	
S1-193066717	
S1-64262333	
S1-827879405	
S1-986677017	
S1-195280703	
S1-240486699	
S1-158077379	
S1-298362412	
S1-312512725	
S1-26341058	
S1-789329713	
S1-22047221	
S1-570960219	
S1-951308372	
S1-991909051	
S1-145229828	
S1-228871442	
S1-541577615	
S1-988087649	
S1-200573371	
S1-730534216	
S1-786857401	
S1-712162830	
S1-466908741	
S1-416123988	
S1-307567613	
S1-76418652	
S1-623573471	
S1-297449293	
S1-334449216	
S1-628181732	
S1-511579796	
S1-553965982	
S1-330881735	
S1-825997091	
S1-445138817	
S1-101819922	
S1-842414527	
S1-17901194	
S1-652835636	
S1-27328911	
S1-774849441	
S1-4896176	
S1-269606805	
S1-128345879	
S1-446270407	
S1-360391513	
S1-548076237	
S1-80607341	
S1-256470137	
S1-531859994	
S1-482854525	
S1-201842545	
S1-716430033	
S1-538969745	
S1-377572890	
S1-207496353	
S1-457520836	
S1-972838933	
S1-876054052	
S1-18990027	
S1-483947147	
S1-400760893	
S1-618465663	
S1-61656646	
S1-123104353	
S1-652612209	
S1-15301131	
S1-291169676	
S1-612318075	
S1-571171549	
S1-672653283	
S1-304897216	
S1-557113881	
S1-9436160	
S1-545321896	
S1-672577896	
S1-343552222	
S1-633359139	
S1-398641009	
S1-976222540	
S1-416401127	
S1-361204632	
S1-982703254	
S1-135033061	
S1-964618779	
S1-32343109	
S1-9432156	
S1-646950062	
S1-271971040	
S1-574037530	
S1-300056072	
S1-656195938	
S1-684529695	
S1-373253945	
S1-574386834	
S1-601413247	
S1-924209018	
S1-134065488	
S1-972648437	
S1-306516652	
S1-295261461	
S1-787516759	
S1-893501608	
S1-858090632	
S1-515756618	
S1-901870264	
S1-562226373	
S1-775585689	
S1-630529342	
S1-812506264	
S1-26583335	
S1-275440387	
S1-933547891	
S1-929506556	
S1-659724947	
S1-81549202	
S1-874288399	
S1-796510866	
S1-433218068	
S1-737251590	
S1-619607055	
S1-78965932	
S1-913102466	
S1-974100085	
S1-820965839	
S1-206524236	
S1-463776677	
S1-986762816	
S1-459468808	
S1-349964727	
S1-979499805	
S1-724437303	
S1-615363988	
S1-684208113	
S1-801380047	
S1-511102624	
S1-720688531	
S1-756004955	
S1-666278165	
S1-666571162	
S1-54296194	
S1-565756762	
S1-553640250	
S1-309553368	
S1-141020972	
S1-358639823	
S1-143713318	
S1-534082963	
S1-477473377	
S1-992327757	
S1-871204465	
S1-781757601	
S1-683401026	
S1-493296382	
S1-468920238	
S1-725842069	
S1-702747610	
S1-954748968	
S1-336001330	
S1-66686949	
S1-600909980	
S1-290690797	
S1-475297048	
S1-952237901	
S1-191773418	
S1-887231299	
S1-203534997	
S1-814598942	
S1-460171647	
S1-751233896	
S1-176417432	
S1-990800229	
S1-877191383	
S1-780920673	
S1-475383857	
S1-945635215	
S1-985868749	
S1-456966874	
S1-644418417	
S1-578195707	
S1-821372479	
S1-54366319	
S1-898911000	
S1-931367248	
S1-754202437	
S1-820627896	
S1-755252550	
S1-381237857	
S1-748925867	
S1-517214676	
S1-757099749	
S1-539994201	
S1-207605046	
S1-504311943	
S1-936756916	
S1-759543027	
S1-33658399	
S1-370569381	
S1-287220307	
S1-171098288	
S1-865528756	
S1-810956566	
S1-114389891	
S1-777198956	
S1-401904160	
S1-620248710	
S1-405543619	
S1-699674629	
S1-569725243	
S1-672791511	
S1-498238794	
S1-734373273	
S1-561455183	
S1-315922257	
S1-245125898	
S1-871323782	
S1-524921862	
S1-932388302	
S1-490136479	
S1-635021277	
S1-492200010	
S1-707898770	
S1-165616390	
S1-525697902	
S1-677277675	
S1-262803795	
S1-434307548	
S1-700816828	
S1-958280097	
S1-958426491	
S1-83379425	
S1-665029982	
S1-665561316	
S1-73266149	
S1-595450886	
S1-532559322	
S1-989490225	
S1-86473538	
S1-487983953	
S1-528658891	
S1-199696417	
S1-839060882	
S1-783498394	
S1-906300413	
S1-177522997	
S1-747199279	
S1-720144600	
S1-879349665	
S1-531935920	
S1-543722551	
S1-36827470	
S1-631692696	
S1-921219340	
S1-717954903	
S1-327201326	
S1-84313892	
S1-201589786	
S1-105157580	
S1-340048641	
S1-754793030	
S1-428129299	
S1-693320997	
S1-299218591	
S1-313769847	
S1-581133105	
S1-276942364	
S1-578105406	
S1-977391003	
S1-245900925	
S1-451354794	
S1-878067865	
S1-771692482	
S1-570702581	
S1-354159326	
S1-934500848	
S1-866705481	
S1-261029096	
S1-229872103	
S1-565080820	
S1-972147487	
S1-191234816	
S1-161141803	
S1-793811432	
S1-672103505	
S1-984490436	
S1-355069513	
S1-400442702	
S1-276804213	
S1-151025271	
S1-782337234	
S1-543210716	
S1-929601844	
S1-274436728	
S1-439554708	
S1-817548736	
S1-150287637	
S1-731044181	
S1-822774741	
S1-361599216	
S1-775610001	
S1-766564913	
S1-549471501	
S1-212035723	
S1-738724478	
S1-565490118	
S1-352587960	
S1-880992972	
S1-126855509	
S1-595832241	
S1-143766834	
S1-842022304	
S1-387628585	
S1-957589085	
S1-276307250	
S1-18602285	
S1-367959075	
S1-25739689	
S1-85364847	
S1-611397964	
S1-635516922	
S1-358105252	
S1-942551171	
S1-908605586	
S1-461769524	
S1-203815310	
S1-138299062	
S1-226273633	
S1-168555254	
S1-354584097	
S1-934043010	
S1-84998079	
S1-424557906	
S1-488551561	
S1-731721138	
S1-201577352	
S1-765635423	
S1-899948712	
S1-236185281	
S1-127758889	
S1-224792463	
S1-140510120	
S1-658090711	
S1-406046827	
S1-965520197	
S1-390023189	
S1-592730731	
S1-151583712	
S1-958359762	
S1-502799064	
S1-26635653	
S1-9710670	
S1-389348663	
S1-7476877	
S1-606617319	
S1-76088178	
S1-594764079	
S1-259172941	
S1-824617286	
S1-878021664	
S1-62217757	
S1-847097665	
S1-164923247	
S1-944549554	
S1-128288991	
S1-147241816	
S1-887304728	
S1-859169389	
S1-292999318	
S1-153207237	
S1-532967605	
S1-319256668	
S1-139372519	
S1-616908093	
S1-1061685	
S1-680362689	
S1-961945355	
S1-858030780	
S1-227219648	
S1-293690295	
S1-117216872	
S1-964730831	
S1-806577663	
S1-147842539	
S1-954983217	
S1-980838135	
S1-344013091	
S1-658909434	
S1-719702010	
S1-420115705	
S1-801846444	
S1-796966944	
S1-184984458	
S1-105247033	
S1-428988524	
S1-400298705	
S1-969839525	
S1-767324254	
S1-825185379	
S1-50243752	
S1-274266477	
S1-871677113	
S1-312712586	
S1-227038231	
S1-195870068	
S1-864694587	
S1-313914585	
S1-766671436	
S1-101962900	
S1-598698415	
S1-321942839	
S1-203271860	
S1-314539588	
S1-108235344	
S1-90460152	
S1-868373328	
S1-812296088	
S1-180767191	
S1-834900493	
S1-594214776	
S1-387498038	
S1-462412290	
S1-917024362	
S1-560700616	
S1-409728051	
S1-718016225	
S1-728956560	
S1-345143445	
S1-607166149	
S1-62588912	
S1-68931843	
S1-537792151	
S1-945611757	
S1-119303430	
S1-193498865	
S1-243499578	
S1-894036306	
S1-345526341	
S1-246688366	
S1-494420506	
S1-981111877	
S1-687121408	
S1-616169476	
S1-270538282	
S1-338136835	
S1-460668187	
S1-249708203	
S1-767245156	
S1-938346621	
S1-60860552	
S1-501669810	
S1-886641228	
S1-816508970	
S1-7074627	
S1-972328749	
S1-285614131	
S1-72834693	
S1-163491314	
S1-625105605	
S1-809539941	
S1-650443341	
S1-302515345	
S1-589299918	
S1-526099771	
S1-957815349	
S1-781013825	
S1-883081132	
S1-645924934	
S1-694312759	
S1-998267482	
S1-503080733	
S1-738605979	
S1-615253686	
S1-799755576	
S1-884651822	
S1-520079990	
S1-936691659	
S1-585323068	
S1-612578957	
S1-439778447	
S1-655442428	
S1-518054237	
S1-653966048	
S1-105975825	
S1-30569693	
S1-610417761	
S1-213854643	
S1-265572251	
S1-484421805	
S1-847186076	
S1-894099948	
S1-506960762	
S1-528540995	
S1-332179110	
S1-207726794	
S1-503983890	
S1-291421275	
S1-861034415	
S1-290950404	
S1-984023821	
S1-244242882	
S1-215273988	
S1-584077811	
S1-747127174	
S1-806564703	
S1-261504277	
S1-388257101	
S1-903659052	
S1-506457060	
S1-668617296	
S1-347041481	
S1-346600018	
S1-561452215	
S1-536137479	
S1-967597096	
S1-448725729	
S1-316376610	
S1-884836844	
S1-514730817	
S1-88664082	
S1-832575972	
S1-242252918	
S1-486297486	
S1-606632043	
S1-616777225	
S1-262869861	
S1-798067631	
S1-731120400	
S1-566700910	
S1-89417798	
S1-428075120	
S1-734757381	
S1-324498270	
S1-352399946	
S1-853386683	
S1-33604489	
S1-273070650	
S1-989358956	
S1-832095856	
S1-458953413	
S1-152365295	
S1-484675859	
S1-48348813	
S1-152452493	
S1-882814633	
S1-302908797	
S1-966001048	
S1-868125971	
S1-137452837	
S1-181930859	
S1-652716926	
S1-370025695	
S1-29177421	
S1-799180442	
S1-75162451	
S1-195608628	
S1-566488603	
S1-983962397	
S1-381368347	
S1-199222202	
S1-501646722	
S1-660255483	
S1-543112947	
S1-263379924	
S1-838542233	
S1-438016854	
S1-893755394	
S1-213044048	
S1-912466200	
S1-835609396	
S1-329833334	
S1-621923872	
S1-681231500	
S1-597380027	
S1-386672715	
S1-647815909	
S1-194915000	
S1-904611805	
S1-789974837	
S1-235542592	
S1-753162385	
S1-282519970	
S1-260359811	
S1-972863352	
S1-207701787	
S1-249826594	
S1-452370815	
S1-40017900	
S1-645282503	
S1-947828974	
S1-29256552	
S1-629135150	
S1-149548357	
S1-861535329	
S1-644961703	
S1-789950452	
S1-232979736	
S1-578765674	
S1-837487059	
S1-654486422	
S1-630388008	
S1-149493537	
S1-800803330	
S1-509819452	
S1-954405111	
S1-269124821	
S1-106941148	
S1-969426414	
S1-30488057	
S1-603853354	
S1-387867383	
S1-45874017	
S1-843142354	
S1-887389878	
S1-394524206	
S1-73870849	
S1-360389411	
S1-997054700	
S1-752088058	
S1-381517629	
S1-548806001	
S1-411913157	
S1-844343235	
S1-904154793	
S1-935996580	
S1-370228771	
S1-31396737	
S1-482534229	
S1-820268321	
S1-641743540	
S1-663566990	
S1-557517141	
S1-525338418	
S1-301542266	
S1-341474464	
S1-117584998	
S1-716533691	
S1-254542316	
S1-514574374	
S1-574890757	
S1-652192238	
S1-216144126	
S1-941007036	
S1-883979688	
S1-83196111	
S1-595750457	
S1-531484241	
S1-104767232	
S1-809106191	
S1-258850703	
S1-737240408	
S1-776766139	
S1-707715160	
S1-139562945	
S1-204083341	
S1-256176084	
S1-952689685	
S1-610611696	
S1-603413812	
S1-460721139	
S1-934530127	
S1-337360484	
S1-859762607	
S1-798867118	
S1-415574004	
S1-681455472	
S1-688199693	
S1-993752976	
S1-252195050	
S1-936759257	
S1-643026199	
S1-876061583	
S1-388718355	
S1-733416826	
S1-241547898	
S1-561896043	
S1-982714404	
S1-43543541	
S1-947506097	
S1-73282682	
S1-935415775	
S1-3656525	
S1-648668492	
S1-332306315	
S1-881448333	
S1-103295692	
S1-112017659	
S1-90601541	
S1-818676850	
S1-361557008	
S1-589702181	
S1-95466757	
S1-369558346	
S1-121319643	
S1-138094998	
S1-39428958	
S1-220079199	
S1-738899877	
S1-312610720	
S1-398284347	
S1-285272643	
S1-673764363	
S1-281162340	
S1-958711840	
S1-782112135	
S1-604640170	
S1-178471473	
S1-936631391	
S1-668116351	
S1-811605597	
S1-799586401	
S1-529773438	
S1-63379836	
S1-898451883	
S1-346357531	
S1-794561761	
S1-666509985	
S1-918415367	
S1-330558948	
S1-983734613	
S1-551017501	
S1-106040980	
S1-896638514	
S1-224371638	
S1-871741603	
S1-328366197	
S1-156481503	
S1-135545057	
S1-554466290	
S1-695394216	
S1-144705266	
S1-970312484	
S1-313435597	
S1-883837080	
S1-510844455	
S1-533646673	
S1-634485775	
S1-755659768	
S1-507914342	
S1-152393263	
S1-53387088	
S1-197067357	
S1-386835187	
S1-830248765	
S1-512116789	
S1-506942347	
S1-150486795	
S1-602504327	
S1-964999068	
S1-964954120	
S1-109750691	
S1-235658619	
S1-243317267	
S1-486737296	
S1-778348492	
S1-188845334	
S1-584742056	
S1-399637217	
S1-8221549	
S1-789602919	
S1-906440938	
S1-576833127	
S1-152843114	
S1-582383954	
S1-887991137	
S1-109668973	
S1-276951807	
S1-866896574	
S1-992882963	
S1-764863930	
S1-385900426	
S1-669147265	
S1-569175291	
S1-14237017	
S1-760635518	
S1-725815126	
S1-286522620	
S1-840463899	
S1-486985965	
S1-110999804	
S1-188463826	
S1-744111628	
S1-830156452	
S1-354829965	
S1-717856572	
S1-431851952	
S1-971648194	
S1-84937106	
S1-735659158	
S1-852048742	
S1-14679085	
S1-536988629	
S1-360766720	
S1-186482547	
S1-238126658	
S1-247228116	
S1-642462643	
S1-314995995	
S1-474959546	
S1-121975935	
S1-90068723	
S1-159388593	
S1-15358747	
S1-237497188	
S1-945480465	
S1-82021791	
S1-243540863	
S1-918192711	
S1-798150224	
S1-451147414	
S1-808227752	
S1-985953119	
S1-789299592	
S1-62534516	
S1-423790587	
S1-485244267	
S1-324026952	
S1-662864844	
S1-388940715	
S1-673737530	
S1-872814708	
S1-567541897	
S1-979950208	
S1-807592627	
S1-748475823	
S1-304646283	
S1-27743169	
S1-407479460	
S1-927028827	
S1-788694407	
S1-522761114	
S1-237561989	
S1-465253552	
S1-856914555	
S1-584868770	
S1-964027907	
S1-639093227	
S1-918007164	
S1-940295297	
S1-754720042	
S1-833215770	
S1-21237982	
S1-856793282	
S1-948947134	
S1-748862235	
S1-438746215	
S1-241415597	
S1-656795607	
S1-911587206	
S1-617396262	
S1-791620172	
S1-838370740	
S1-91413486	
S1-683685760	
S1-252481833	
S1-838980856	
S1-864159358	
S1-89205129	
S1-852765716	
S1-405064024	
S1-108644217	
S1-366883710	
S1-647405042	
S1-475510490	
S1-202918517	
S1-672969733	
S1-364571908	
S1-804156910	
S1-198670661	
S1-687837325	
S1-676913086	
S1-86848871	
S1-351748619	
S1-811792604	
S1-138451152	
S1-687825000	
S1-108694927	
S1-204065542	
S1-224954566	
S1-780500237	
S1-579222322	
S1-776573632	
S1-587125743	
S1-633672916	
S1-602819064	
S1-648145738	
S1-597162534	
S1-167088496	
S1-460623766	
S1-99002977	
S1-562845598	
S1-661292108	
S1-482004262	
S1-271071031	
S1-323511182	
S1-616805867	
S1-918042303	
S1-968542977	
S1-446005547	
S1-671487519	
S1-315927153	
S1-503788700	
S1-722352010	
S1-24316266	
S1-903517215	
S1-619774121	
S1-922315905	
S1-260793785	
S1-356241422	
S1-538442544	
S1-401358579	
S1-934120966	
S1-200703389	
S1-381362993	
S1-60552004	
S1-629861538	
S1-248290307	
S1-320091445	
S1-891218052	
S1-773756859	
S1-144474816	
S1-876195878	
S1-710638326	
S1-982555769	
S1-3739554	
S1-935251945	
S1-422613032	
S1-613051136	
S1-546949477	
S1-61525425	
S1-519922827	
S1-273772046	
S1-578981674	
S1-202485661	
S1-532289684	
S1-435483200	
S1-903247474	
S1-472230182	
S1-474309110	
S1-398700586	
S1-450416781	
S1-208081991	
S1-731931314	
S1-580243118	
S1-483924925	
S1-527612742	
S1-206836663	
S1-263655910	
S1-499554654	
S1-717372520	
S1-250797432	
S1-967447024	
S1-471181731	
S1-88279846	
S1-208897477	
S1-239390193	
S1-941750990	
S1-330575204	
S1-433760222	
S1-434503040	
S1-135707305	
S1-853119765	
S1-912761440	
S1-481602413	
S1-882669829	
S1-894173266	
S1-665658508	
S1-249407509	
S1-359825340	
S1-387007925	
S1-75191209	
S1-696248999	
S1-496177826	
S1-706685411	
S1-139868503	
S1-163994639	
S1-942105318	
S1-727874334	
S1-292081721	
S1-748145910	
S1-481688477	
S1-131816947	
S1-912870401	
S1-521615251	
S1-962584150	
S1-526177796	
S1-955654853	
S1-390583993	
S1-124069852	
S1-962443808	
S1-733230953	
S1-92547088	
S1-688555353	
S1-613326337	
S1-64556891	
S1-315908426	
S1-615505591	
S1-42665313	
S1-959619170	
S1-672014895	
S1-958677237	
S1-380907401	
S1-320135670	
S1-768955107	
S1-671168456	
S1-449242548	
S1-563149240	
S1-600280570	
S1-960190946	
S1-456004091	
S1-189173788	
S1-156894399	
S1-294974988	
S1-535081564	
S1-242089626	
S1-295018333	
S1-544181355	
S1-414638369	
S1-628497653	
S1-395693371	
S1-810475222	
S1-477606390	
S1-247242308	
S1-980982540	
S1-193286090	
S1-632525402	
S1-427673149	
S1-386241303	
S1-608343200	
S1-306195239	
S1-976610203	
S1-105092113	
S1-686540917	
S1-219757525	
S1-93342694	
S1-77057709	
S1-575778021	
S1-362412235	
S1-641069794	
S1-648482247	
S1-914691989	
S1-341940741	
S1-935377367	
S1-848086160	
S1-525956648	
S1-752708586	
S1-463422404	
S1-583834139	
S1-190331237	
S1-713802937	
S1-714693329	
S1-16017348	
S1-43659975	
S1-114545614	
S1-332541138	
S1-487924033	
S1-683844768	
S1-997793367	
S1-722910020	
S1-752400367	
S1-563985034	
S1-679166544	
S1-165104436	
S1-309090195	
S1-249951521	
S1-992701292	
S1-225796865	
S1-794708034	
S1-225825893	
S1-954825971	
S1-196031484	
S1-786952452	
S1-766874848	
S1-801053745	
S1-642478916	
S1-140754223	
S1-90538366	
S1-74521729	
S1-241040514	
S1-727191101	
S1-3359337	
S1-96166189	
S1-620502712	
S1-697371108	
S1-297220011	
S1-141419819	
S1-806460607	
S1-815745564	
S1-320329170	
S1-858628875	
S1-299224872	
S1-172127346	
S1-424061347	
S1-593256153	
S1-462255345	
S1-974714244	
S1-488573521	
S1-287778874	
S1-436294840	
S1-8453945	
S1-633930162	
S1-709145727	
S1-887430778	
S1-497620088	
S1-465125003	
S1-633708120	
S1-32340186	
S1-895742586	
S1-746752622	
S1-640997201	
S1-393024583	
S1-262614015	
S1-937734016	
S1-930508874	
S1-992851450	
S1-889820427	
S1-259896101	
S1-490124385	
S1-10981175	
S1-119144470	
S1-176552566	
S1-667804153	
S1-967880568	
S1-363061415	
S1-213840961	
S1-663011781	
S1-365130035	
S1-643291740	
S1-355425446	
S1-846864818	
S1-402605415	
S1-39385675	
S1-787009489	
S1-344832383	
S1-895434274	
S1-82945427	
S1-89412875	
S1-903477000	
S1-345663082	
S1-903012706	
S1-725102471	
S1-339004252	
S1-713162051	
S1-586306176	
S1-756550594	
S1-476075704	
S1-719856708	
S1-488402858	
S1-811788748	
S1-324684340	
S1-218695538	
S1-432156042	
S1-949674365	
S1-178455790	
S1-336757149	
S1-331218402	
S1-517949344	
S1-106444771	
S1-15516794	
S1-443812790	
S1-786495	
S1-633480269	
S1-221670314	
S1-45841780	
S1-936895659	
S1-248855615	
S1-345423245	
S1-864434067	
S1-761019501	
S1-1142590	
S1-929270366	
S1-966613352	
S1-544497855	
S1-536250985	
S1-281170415	
S1-948075425	
S1-879389329	
S1-720797568	
S1-119971515	
S1-472264276	
S1-118939506	
S1-388251219	
S1-829343893	
S1-995326037	
S1-737944011	
S1-537258330	
S1-58896189	
S1-675833262	
S1-6164608	
S1-197357662	
S1-219668518	
S1-427232710	
S1-819287003	
S1-470647256	
S1-859110458	
S1-121350359	
S1-508560862	
S1-644561190	
S1-365987062	
S1-794287339	
S1-245205783	
S1-972467298	
S1-878151669	
S1-437537573	
S1-855467918	
S1-749721175	
S1-297777655	
S1-807365014	
S1-98346704	
S1-707818859	
S1-636820240	
S1-310095620	
S1-987506440	
S1-847079404	
S1-873747778	
S1-588164601	
S1-490710521	
S1-359914494	
S1-212340960	
S1-962528151	
S1-994243930	
S1-579844828	
S1-732752319	
S1-976360354	
S1-202561259	
S1-283559796	
S1-432173149	
S1-434164541	
S1-783289521	
S1-430720482	
S1-866632679	
S1-599191143	
S1-936273608	
S1-162506438	
S1-595979657	
S1-574405744	
S1-287636395	
S1-726124817	
S1-552052093	
S1-912228543	
S1-58076305	
S1-816262008	
S1-597826913	
S1-187475506	
S1-44825451	
S1-317551500	
S1-650609836	
S1-68315962	
S1-569459170	
S1-526705455	
S1-967158718	
S1-439294194	
S1-94588431	
S1-38085002	
S1-387647858	
S1-425145206	
S1-372414613	
S1-547253134	
S1-411535328	
S1-773318881	
S1-33017980	
S1-579135386	
S1-13725965	
S1-161736811	
S1-446819700	
S1-229382696	
S1-386124783	
S1-989372371	
S1-657451229	
S1-33302212	
S1-986774734	
S1-976491745	
S1-677335134	
S1-836781383	
S1-625534251	
S1-279156625	
S1-681389133	
S1-983829962	
S1-715180838	
S1-761481191	
S1-674800210	
S1-517855803	
S1-750013601	
S1-73054291	
S1-481026952	
S1-467647338	
S1-894331989	
S1-293673743	
S1-865010662	
S1-273079514	
S1-59104576	
S1-900102102	
S1-421188239	
S1-327590818	
S1-655077783	
S1-205107754	
S1-602472419	
S1-850523705	
S1-303271605	
S1-109641889	
S1-707971011	
S1-285072614	
S1-427559996	
S1-333348301	
S1-371267677	
S1-809062789	
S1-596389295	
S1-370694887	
S1-842134202	
S1-718858784	
S1-979911307	
S1-211737803	
S1-117413640	
S1-981901478	
S1-775811852	
S1-689969707	
S1-757841636	
S1-325632196	
S1-487587563	
S1-704287978	
S1-204031459	
S1-605285689	
S1-945990084	
S1-831693491	
S1-770981108	
S1-873024427	
S1-891889902	
S1-946550805	
S1-376883229	
S1-192181608	
S1-118615275	
S1-704802468	
S1-297785554	
S1-882407636	
S1-364380070	
S1-569481503	
S1-107742155	
S1-234569220	
S1-996768452	
S1-193117504	
S1-580605574	
S1-826309390	
S1-313918745	
S1-926812147	
S1-276356599	
S1-530927300	
S1-194343073	
S1-336152543	
S1-608765617	
S1-212189068	
S1-454018980	
S1-698527608	
S1-851201018	
S1-755026238	
S1-711120298	
S1-30158707	
S1-819864199	
S1-643635283	
S1-710024714	
S1-32880212	
S1-369295741	
S1-921472883	
S1-628563780	
S1-52218655	
S1-382272515	
S1-158071126	
S1-730715924	
S1-843165346	
S1-145259886	
S1-956824670	
S1-979671520	
S1-90015848	
S1-947236975	
S1-32254237	
S1-528612247	
S1-783895561	
S1-614792963	
S1-100663700	
S1-809406756	
S1-325608211	
S1-414204370	
S1-63363530	
S1-146259603	
S1-771158065	
S1-189302015	
S1-46623715	
S1-350918063	
S1-493253612	
S1-142723272	
S1-335572227	
S1-234455242	
S1-939091239	
S1-386630305	
S1-367171000	
S1-91386465	
S1-859010094	
S1-726533617	
S1-118926781	
S1-373553677	
S1-594051562	
S1-565597243	
S1-682083447	
S1-582545917	
S1-754677948	
S1-188161132	
S1-834491272	
S1-789050237	
S1-256305727	
S1-770249650	
S1-447767050	
S1-554290205	
S1-287359440	
S1-798469548	
S1-522825722	
S1-998460575	
S1-285620421	
S1-67753444	
S1-49817228	
S1-477554046	
S1-666828017	
S1-677425393	
S1-480011150	
S1-85809986	
S1-419501830	
S1-70100429	
S1-378364734	
S1-576871849	
S1-170039772	
S1-49213081	
S1-582205407	
S1-340439104	
S1-41940589	
S1-198120889	
S1-337769660	
S1-626640921	
S1-365954294	
S1-918526289	
S1-840822199	
S1-603264258	
S1-312230871	
S1-229573265	
S1-685693871	
S1-282967408	
S1-439617663	
S1-306779909	
S1-214629590	
S1-73993163	
S1-843789631	
S1-829166142	
S1-117544682	
S1-536020925	
S1-786350825	
S1-807736264	
S1-263474173	
S1-367995246	
S1-722433811	
S1-316383771	
S1-474172740	
S1-462436614	
S1-192212558	
S1-68788761	
S1-363602843	
S1-863841034	
S1-268727774	
S1-31048215	
S1-993077036	
S1-430113075	
S1-364492309	
S1-662374899	
S1-368294495	
S1-243377525	
S1-477880236	
S1-372445638	
S1-297016023	
S1-947868950	
S1-365863157	
S1-869536495	
S1-465727031	
S1-507585165	
S1-450297037	
S1-199060579	
S1-853432391	
S1-43083318	
S1-180174918	
S1-915527840	
S1-295294453	
S1-672075976	
S1-662860247	
S1-234109819	
S1-168549051	
S1-861100110	
S1-377846202	
S1-125952499	
S1-227222686	
S1-646859671	
S1-985309692	
S1-469306646	
S1-615317204	
S1-263026652	
S1-348535141	
S1-479728994	
S1-564116899	
S1-341452973	
S1-423209851	
S1-916575962	
S1-12369353	
S1-994837554	
S1-600561344	
S1-332415230	
S1-485676347	
S1-583355528	
S1-473979905	
S1-229274587	
S1-812860344	
S1-98628717	
S1-281731728	
S1-845586355	
S1-239475266	
S1-87921766	
S1-48747549	
S1-99250472	
S1-944927549	
S1-324196829	
S1-955519392	
S1-394675558	
S1-392389716	
S1-847130154	
S1-841376643	
S1-87744471	
S1-963671687	
S1-283014894	
S1-928345305	
S1-513923669	
S1-204464643	
S1-647789499	
S1-517651003	
S1-63603457	
S1-435843549	
S1-231685693	
S1-907422223	
S1-270110984	
S1-409044385	
S1-870052836	
S1-64462787	
S1-561742839	
S1-102242847	
S1-188647562	
S1-20522263	
S1-116986524	
S1-40133428	
S1-211706351	
S1-450039152	
S1-795351282	
S1-550084951	
S1-445938841	
S1-581639417	
S1-918052091	
S1-304661889	
S1-480102394	
S1-398160036	
S1-276158488	
S1-430806766	
S1-240218187	
S1-291398160	
S1-143416578	
S1-459519226	
S1-482145452	
S1-513946183	
S1-422684979	
S1-72100687	
S1-114621226	
S1-759083010	
S1-779546019	
S1-142476266	
S1-923161661	
S1-444941176	
S1-673515563	
S1-437999839	
S1-569163219	
S1-153405972	
S1-145093189	
S1-743958115	
S1-482176232	
S1-866176572	
S1-293070409	
S1-288798628	
S1-675309028	
S1-690723863	
S1-345660337	
S1-789610510	
S1-173823933	
S1-286502411	
S1-162979840	
S1-932343406	
S1-46448200	
S1-690237392	
S1-337510150	
S1-424777284	
S1-859200891	
S1-577240317	
S1-105356114	
S1-147450568	
S1-191634263	
S1-843812261	
S1-12557489	
S1-744052941	
S1-422308362	
S1-679809740	
S1-86727305	
S1-190397816	
S1-77359451	
S1-526867784	
S1-27764246	
S1-296623522	
S1-767810572	
S1-814203751	
S1-530166193	
S1-827720771	
S1-698026385	
S1-877495214	
S1-722352499	
S1-523668950	
S1-98328044	
S1-181817412	
S1-318150136	
S1-623454395	
S1-529172004	
S1-827619379	
S1-241640222	
S1-604321939	
S1-678508415	
S1-507657774	
S1-406695933	
S1-737295214	
S1-698689512	
S1-552152222	
S1-41022573	
S1-339792863	
S1-96592873	
S1-954388560	
S1-849013973	
S1-895967181	
S1-879959005	
S1-478011420	
S1-193079869	
S1-458704087	
S1-675998552	
S1-230238177	
S1-303793288	
S1-606890696	
S1-953911980	
S1-190008540	
S1-704909483	
S1-957406280	
S1-353379964	
S1-865952045	
S1-772023141	
S1-955358197	
S1-379955483	
S1-649472075	
S1-665143790	
S1-100416618	
S1-714021913	
S1-322360664	
S1-23662686	
S1-170944410	
S1-443094160	
S1-614335328	
S1-668555841	
S1-933820342	
S1-270670859	
S1-147801462	
S1-16185570	
S1-128046478	
S1-264304236	
S1-923161793	
S1-802451476	
S1-654481042	
S1-294942896	
S1-46287321	
S1-908223115	
S1-548060265	
S1-663127104	
S1-656428793	
S1-925202873	
S1-628382503	
S1-941347586	
S1-18794113	
S1-40150263	
S1-899882894	
S1-673153647	
S1-934069854	
S1-712510857	
S1-573188346	
S1-223585476	
S1-3885889	
S1-124133884	
S1-578967821	
S1-935909890	
S1-441734006	
S1-878939311	
S1-843306839	
S1-164487982	
S1-414946644	
S1-620804927	
S1-58920105	
S1-680727611	
S1-481517957	
S1-485319984	
S1-656057605	
S1-991011701	
S1-357170162	
S1-101740731	
S1-395503414	
S1-763337051	
S1-380513982	
S1-970065533	
S1-754646322	
S1-631938182	
S1-826550490	
S1-538080209	
S1-981915508	
S1-765817886	
S1-357444541	
S1-233846577	
S1-605381994	
S1-274063051	
S1-849369234	
S1-436426640	
S1-154326785	
S1-705248661	
S1-520521583	
S1-602287969	
S1-296341423	
S1-927630329	
S1-445694698	
S1-185397229	
S1-143235512	
S1-448804054	
S1-165220078	
S1-732710021	
S1-280495529	
S1-413848349	
S1-324095800	
S1-724222873	
S1-195638626	
S1-382746444	
S1-988843955	
S1-400293805	
S1-54009750	
S1-819390353	
S1-35384274	
S1-476107718	
S1-271495771	
S1-617273697	
S1-192915963	
S1-948638609	
S1-522773787	
S1-64938579	
S1-58847033	
S1-409710402	
S1-895427926	
S1-578275678	
S1-420548393	
S1-178060739	
S1-276795644	
S1-579470647	
S1-484023776	
S1-441737927	
S1-796196384	
S1-539293894	
S1-951857419	
S1-335092922	
S1-862840211	
S1-275568256	
S1-319015810	
S1-781997960	
S1-492617062	
S1-771840345	
S1-212231406	
S1-924365582	
S1-856925496	
S1-859582945	
S1-28666330	
S1-22655776	
S1-676615274	
S1-316133144	
S1-721898698	
S1-566366140	
S1-771368017	
S1-665157746	
S1-489611014	
S1-722828279	
S1-772179239	
S1-537386709	
S1-238165238	
S1-356031531	
S1-921973778	
S1-131170774	
S1-642398802	
S1-47602109	
S1-822332610	
S1-919077832	
S1-830030073	
S1-862824279	
S1-527101867	
S1-687903267	
S1-640315001	
S1-7006846	
S1-538485261	
S1-817120518	
S1-876532311	
S1-181075395	
S1-385560589	
S1-431741749	
S1-303706137	
S1-100133350	
S1-188567558	
S1-810916940	
S1-638783471	
S1-528996282	
S1-931909177	
S1-822935443	
S1-575597070	
S1-601866394	
S1-986250467	
S1-164824822	
S1-103166552	
S1-170859973	
S1-86871129	
S1-725559263	
S1-457103886	
S1-927156287	
S1-695384054	
S1-678907066	
S1-485166324	
S1-373371820	
S1-85148134	
S1-588824637	
S1-102697807	
S1-123614964	
S1-967787797	
S1-721417768	
S1-470793695	
S1-455427378	
S1-316252575	
S1-552670689	
S1-880334103	
S1-586759500	
S1-351996407	
S1-563409075	
S1-398652252	
S1-796881883	
S1-439669631	
S1-562917545	
S1-438822695	
S1-980913474	
S1-232078759	
S1-12817516	
S1-185743666	
S1-91773871	
S1-841999179	
S1-635087902	
S1-431317357	
S1-784559101	
S1-334363991	
S1-45547751	
S1-356824601	
S1-103684131	
S1-341468873	
S1-367955149	
S1-302622069	
S1-681357632	
S1-845903916	
S1-252167251	
S1-604174059	
S1-24294254	
S1-688718296	
S1-813524637	
S1-123258379	
S1-591195599	
S1-981947954	
S1-175228	
S1-520176288	
S1-174752015	
S1-786232577	
S1-398220951	
S1-951690055	
S1-358715789	
S1-720588592	
S1-655925921	
S1-566573882	
S1-752884067	
S1-71886753	
S1-732808100	
S1-153213682	
S1-807839340	
S1-555614917	
S1-94292397	
S1-211098936	
S1-618932978	
S1-224504767	
S1-361415441	
S1-958306728	
S1-32695820	
S1-244955035	
S1-475534552	
S1-5941610	
S1-22566246	
S1-576909517	
S1-629674571	
S1-808103639	
S1-497369489	
S1-768455813	
S1-169835481	
S1-420375567	
S1-502674167	
S1-821375423	
S1-772032177	
S1-707283126	
S1-81183886	
S1-239446939	
S1-503736434	
S1-530661714	
S1-272486440	
S1-792196649	
S1-337743329	
S1-678942192	
S1-773973572	
S1-953251791	
S1-672855095	
S1-778559786	
S1-392673447	
S1-800464444	
S1-670420071	
S1-754010939	
S1-611234292	
S1-21460157	
S1-882381465	
S1-823803332	
S1-615077670	
S1-519660405	
S1-526229216	
S1-432191735	
S1-551547477	
S1-2442401	
S1-215924394	
S1-723061271	
S1-324370531	
S1-452722544	
S1-98669089	
S1-560530740	
S1-356266611	
S1-20362737	
S1-947525407	
S1-534723879	
S1-683573121	
S1-567550420	
S1-366566283	
S1-41040242	
S1-866078485	
S1-34374304	
S1-942196866	
S1-994356823	
S1-953005679	
S1-915006426	
S1-818272713	
S1-366568350	
S1-778400531	
S1-206291632	
S1-511577236	
S1-85869392	
S1-239667226	
S1-916785800	
S1-647852896	
S1-446461679	
S1-723153141	
S1-980405029	
S1-2688307	
S1-667360996	
S1-952238330	
S1-736387406	
S1-735760110	
S1-297826923	
S1-933297495	
S1-903791543	
S1-659350265	
S1-758994446	
S1-373675053	
S1-131153389	
S1-923908241	
S1-488432545	
S1-281814880	
S1-343855694	
S1-713539006	
S1-990950857	
S1-636275740	
S1-146347715	
S1-838019098	
S1-964829996	
S1-70117435	
S1-266898243	
S1-40371153	
S1-498350882	
S1-998398396	
S1-236753019	
S1-871435979	
S1-641760750	
S1-881072058	
S1-982292509	
S1-737543910	
S1-133736930	
S1-857437091	
S1-528789317	
S1-189101283	
S1-940122543	
S1-743076349	
S1-236537476	
S1-194352096	
S1-256837400	
S1-457813192	
S1-570958320	
S1-2905410	
S1-468820664	
S1-687738583	
S1-251336895	
S1-777123532	
S1-835879278	
S1-219276967	
S1-448873353	
S1-997411256	
S1-837468130	
S1-622779688	
S1-446904034	
S1-332435944	
S1-498399056	
S1-755608348	
S1-302020610	
S1-3682287	
S1-978407719	
S1-210355678	
S1-935072979	
S1-807144880	
S1-966384008	
S1-901844549	
S1-883496096	
S1-311963774	
S1-627391539	
S1-367801158	
S1-971870780	
S1-700789038	
S1-351775267	
S1-490618415	
S1-40062178	
S1-946141508	
S1-569810986	
S1-664718703	
S1-422804719	
S1-977287936	
S1-720754874	
S1-299476668	
S1-803260517	
S1-578584595	
S1-826056234	
S1-16691478	
S1-172081474	
S1-682258395	
S1-297621715	
S1-868304310	
S1-828233517	
S1-595257028	
S1-760897600	
S1-533631485	
S1-462909273	
S1-507279311	
S1-56413537	
S1-296102744	
S1-316297027	
S1-155246833	
S1-755271978	
S1-688623626	
S1-832058878	
S1-282310688	
S1-486063262	
S1-874239638	
S1-328471439	
S1-66416778	
S1-558934148	
S1-744444429	
S1-95547571	
S1-680915510	
S1-747785827	
S1-346269259	
S1-893730696	
S1-779679041	
S1-922976713	
S1-861648375	
S1-706310519	
S1-44187756	
S1-694407511	
S1-235849615	
S1-80309936	
S1-752039138	
S1-137530378	
S1-26021538	
S1-50206704	
S1-63353734	
S1-985030700	
S1-512173527	
S1-956987965	
S1-196680744	
S1-298467952	
S1-665099659	
S1-892584591	
S1-961177944	
S1-988241951	
S1-392780875	
S1-350613771	
S1-682136106	
S1-46179222	
S1-876565028	
S1-648959660	
S1-648840657	
S1-436282957	
S1-221675426	
S1-333434029	
S1-443495120	
S1-281327248	
S1-827671639	
S1-73091612	
S1-525512619	
S1-116249378	
S1-739628707	
S1-791524462	
S1-230068977	
S1-657858130	
S1-371328996	
S1-761091050	
S1-894834345	
S1-201098479	
S1-910487857	
S1-681432974	
S1-828511658	
S1-791679666	
S1-122133527	
S1-852681841	
S1-57899346	
S1-989277953	
S1-259348609	
S1-332228620	
S1-654402730	
S1-246874064	
S1-637758265	
S1-906354566	
S1-126118707	
S1-82002881	
S1-411703958	
S1-384778473	
S1-609566237	
S1-843921839	
S1-170728775	
S1-49417587	
S1-768690404	
S1-325960388	
S1-980197078	
S1-852890634	
S1-781625833	
S1-618005722	
S1-592497400	
S1-281009967	
S1-351181278	
S1-457628684	
S1-868828554	
S1-813104560	
S1-954610668	
S1-501623157	
S1-37212391	
S1-709818799	
S1-746885449	
S1-695648384	
S1-590482184	
S1-206290912	
S1-160663130	
S1-809097737	
S1-254294411	
S1-388074615	
S1-29574871	
S1-716861603	
S1-538571851	
S1-437596220	
S1-121871847	
S1-699987255	
S1-101741196	
S1-54141088	
S1-426423111	
S1-781073832	
S1-842893534	
S1-16328072	
S1-444427296	
S1-56786823	
S1-562470646	
S1-155358859	
S1-420200038	
S1-355159597	
S1-981813694	
S1-492172285	
S1-906585163	
S1-868887466	
S1-380797072	
S1-26954671	
S1-921805363	
S1-727723950	
S1-157779468	
S1-637391058	
S1-775496488	
S1-222110449	
S1-889737466	
S1-27919663	
S1-866159128	
S1-724631737	
S1-391356263	
S1-378165171	
S1-770322523	
S1-465628397	
S1-235174796	
S1-873238424	
S1-558684056	
S1-728940834	
S1-727493773	
S1-576669140	
S1-298717636	
S1-591126110	
S1-446879097	
S1-231255268	
S1-901318343	
S1-810339465	
S1-982267415	
S1-668990649	
S1-46515805	
S1-570479164	
S1-678994081	
S1-54423855	
S1-888562900	
S1-113259386	
S1-178319905	
S1-751953341	
S1-864383549	
S1-192179066	
S1-236455581	
S1-206874769	
S1-564459570	
S1-694782873	
S1-641335295	
S1-786079276	
S1-200822016	
S1-29956364	
S1-660846876	
S1-304161945	
S1-684804672	
S1-104247983	
S1-150645194	
S1-789233617	
S1-464304619	
S1-572174013	
S1-220323729	
S1-963246620	
S1-155008716	
S1-429000029	
S1-490327275	
S1-212108227	
S1-655422777	
S1-432910021	
S1-998103290	
S1-590586409	
S1-945048543	
S1-274497090	
S1-497309396	
S1-863694207	
S1-895090251	
S1-940022999	
S1-861605602	
S1-462887243	
S1-981451295	
S1-214876934	
S1-739737336	
S1-387839518	
S1-875265602	
S1-948904670	
S1-41814065	
S1-653509301	
S1-806260800	
S1-588596686	
S1-618708781	
S1-996440673	
S1-797984546	
S1-998608754	
S1-729646541	
S1-621165749	
S1-794339918	
S1-798078202	
S1-733170831	
S1-720648813	
S1-318562373	
S1-291318032	
S1-678735682	
S1-685238800	
S1-160523670	
S1-403620074	
S1-274419973	
S1-523298958	
S1-35902882	
S1-975441536	
S1-202913143	
S1-475022934	
S1-642418104	
S1-25787022	
S1-779439369	
S1-609101398	
S1-219911047	
S1-319590585	
S1-948838374	
S1-56886200	
S1-492673642	
S1-252480535	
S1-205309033	
S1-703703530	
S1-163837924	
S1-162859724	
S1-938222710	
S1-944754419	
S1-676145534	
S1-324416566	
S1-126312625	
S1-513502678	
S1-610928085	
S1-452529574	
S1-450854107	
S1-541947409	
S1-891196346	
S1-470105011	
S1-680147300	
S1-997724182	
S1-359147452	
S1-568911579	
S1-267301579	
S1-600766140	
S1-99916388	
S1-91234832	
S1-825648683	
S1-179831758	
S1-625910648	
S1-357544432	
S1-209653672	
S1-16139337	
S1-333306935	
S1-258585613	
S1-606897442	
S1-607966851	
S1-240462690	
S1-876754607	
S1-137874522	
S1-679191511	
S1-868123277	
S1-241250256	
S1-320103732	
S1-899819105	
S1-298935650	
S1-981463267	
S1-438280992	
S1-105634332	
S1-171942591	
S1-379142732	
S1-621949335	
S1-51750115	
S1-88843675	
S1-225618497	
S1-591518512	
S1-368845929	
S1-225813956	
S1-744657415	
S1-942397490	
S1-230432700	
S1-115142882	
S1-378278641	
S1-285617489	
S1-35103378	
S1-875908553	
S1-960828400	
S1-185081423	
S1-70444258	
S1-163898250	
S1-107065684	
S1-436252140	
S1-340234573	
S1-589978169	
S1-994559742	
S1-913169659	
S1-3078790	
S1-808086391	
S1-164124819	
S1-942892378	
S1-565994804	
S1-313404344	
S1-800263893	
S1-602459218	
S1-856358436	
S1-606705669	
S1-444290304	
S1-541963420	
S1-827513281	
S1-938070544	
S1-799478574	
S1-702420330	
S1-667877787	
S1-278104116	
S1-62987042	
S1-725444957	
S1-407828731	
S1-829771404	
S1-152216944	
S1-44030155	
S1-781656501	
S1-115119683	
S1-601734009	
S1-480840916	
S1-80206055	
S1-6252468	
S1-46781453	
S1-332128727	
S1-471722254	
S1-606244252	
S1-662325917	
S1-212763884	
S1-507730060	
S1-732561712	
S1-602840790	
S1-929221066	
S1-540649388	
S1-691850070	
S1-988174067	
S1-566918312	
S1-421134957	
S1-445531949	
S1-223798318	
S1-169393547	
S1-26185023	
S1-77161439	
S1-909167967	
S1-799494943	
S1-693391179	
S1-551053619	
S1-517071571	
S1-362436750	
S1-380858584	
S1-830349135	
S1-772005725	
S1-145391960	
S1-117555580	
S1-964929482	
S1-919442109	
S1-901635365	
S1-38447718	
S1-343740971	
S1-927874663	
S1-303778185	
S1-832891995	
S1-553301933	
S1-560995875	
S1-327498387	
S1-591311484	
S1-866282042	
S1-887350477	
S1-965538978	
S1-230923930	
S1-627099947	
S1-848343163	
S1-928051159	
S1-593733409	
S1-487048421	
S1-779160551	
S1-316155401	
S1-350662855	
S1-665642212	
S1-891777266	
S1-145052101	
S1-276547156	
S1-416998868	
S1-984658511	
S1-70281311	
S1-36413381	
S1-712161795	
S1-277943534	
S1-562003820	
S1-86793473	
S1-975313526	
S1-29373805	
S1-266627430	
S1-902635948	
S1-769494478	
S1-265951081	
S1-640948674	
S1-804626572	
S1-843839347	
S1-715230360	
S1-52082802	
S1-588314359	
S1-567448102	
S1-301157367	
S1-833620318	
S1-194727163	
S1-912240801	
S1-183266233	
S1-709611242	
S1-110056408	
S1-85606506	
S1-895968005	
S1-818051408	
S1-1263247	
S1-876891514	
S1-772238960	
S1-55671265	
S1-822340265	
S1-454434202	
S1-553023395	
S1-938167981	
S1-438143217	
S1-406935524	
S1-743850218	
S1-969134796	
S1-163211549	
S1-396900382	
S1-839630798	
S1-136262276	
S1-777709887	
S1-476681256	
S1-332159304	
S1-388600682	
S1-314718661	
S1-834685390	
S1-709320824	
S1-335722158	
S1-908042957	
S1-210021380	
S1-193649231	
S1-87570736	
S1-932364568	
S1-583802868	
S1-989461090	
S1-846779599	
S1-966093982	
S1-429781963	
S1-368854847	
S1-312405348	
S1-209453623	
S1-459304212	
S1-929589038	
S1-94941873	
S1-30797567	
S1-904831205	
S1-679520605	
S1-770415462	
S1-56582064	
S1-207571911	
S1-380257772	
S1-431077991	
S1-658738892	
S1-767794661	
S1-309050179	
S1-215516049	
S1-989106130	
S1-328973404	
S1-891451955	
S1-779096738	
S1-302755292	
S1-546135625	
S1-460402974	
S1-122968855	
S1-415279496	
S1-476826753	
S1-298909266	
S1-525404470	
S1-450657275	
S1-333899460	
S1-484452791	
S1-326127297	
S1-71980	
S1-278947666	
S1-639980008	
S1-540271882	
S1-157228180	
S1-897474359	
S1-170346856	
S1-923381931	
S1-29599619	
S1-645127035	
S1-343506816	
S1-206316150	
S1-483035706	
S1-30633868	
S1-61703865	
S1-864452695	
S1-847560509	
S1-656456633	
S1-472809546	
S1-215790192	
S1-928369840	
S1-895370371	
S1-876051876	
S1-296950676	
S1-480945071	
S1-893311984	
S1-935478863	
S1-229054052	
S1-163544211	
S1-6399799	
S1-362998419	
S1-900202650	
S1-674528256	
S1-242045743	
S1-952496026	
S1-355236830	
S1-164026489	
S1-169912784	
S1-465211898	
S1-53164196	
S1-717246765	
S1-124338024	
S1-841456699	
S1-490504041	
S1-496144543	
S1-685274936	
S1-795261447	
S1-498099835	
S1-536970527	
S1-247988386	
S1-804880798	
S1-485156684	
S1-945489487	
S1-923287424	
S1-450794855	
S1-988817568	
S1-789535908	
S1-776261815	
S1-974181763	
S1-390719693	
S1-13534533	
S1-139981419	
S1-272605888	
S1-770907666	
S1-745334536	
S1-10399974	
S1-819749960	
S1-120018800	
S1-486968363	
S1-60117864	
S1-949860688	
S1-948762219	
S1-52108669	
S1-976550721	
S1-447490781	
S1-217056713	
S1-166226800	
S1-947000376	
S1-699933128	
S1-456463212	
S1-683044070	
S1-577726113	
S1-505503013	
S1-32189730	
S1-171110134	
S1-220281876	
S1-507483443	
S1-975783840	
S1-100090318	
S1-629841475	
S1-844292915	
S1-733030734	
S1-528118707	
S1-980734939	
S1-900391272	
S1-890048793	
S1-967028009	
S1-122355147	
S1-133501035	
S1-9275562	
S1-479555773	
S1-952298962	
S1-383362087	
S1-522837972	
S1-562450376	
S1-158074174	
S1-359195269	
S1-384149916	
S1-992618818	
S1-952916940	
S1-439981214	
S1-730840107	
S1-815786238	
S1-182334158	
S1-831620164	
S1-952960663	
S1-832937503	
S1-170058743	
S1-252912305	
S1-449601022	
S1-898307318	
S1-930876391	
S1-785957462	
S1-871652471	
S1-551124341	
S1-338796058	
S1-468304884	
S1-86852859	
S1-723103093	
S1-708391085	
S1-626618162	
S1-634764863	
S1-97286732	
S1-270271385	
S1-446154029	
S1-651791461	
S1-315562671	
S1-820683293	
S1-366362638	
S1-586336502	
S1-85661932	
S1-619135674	
S1-798553561	
S1-380535556	
S1-23088598	
S1-115559038	
S1-812167714	
S1-742554200	
S1-866983488	
S1-925050058	
S1-631507371	
S1-676686000	
S1-61378960	
S1-792905940	
S1-810619294	
S1-940191646	
S1-607593857	
S1-654428991	
S1-344393150	
S1-508801769	
S1-558064307	
S1-758437082	
S1-717769964	
S1-229579665	
S1-793290718	
S1-373407506	
S1-169641943	
S1-718394477	
S1-561846100	
S1-523086454	
S1-670866170	
S1-244145207	
S1-858487672	
S1-618138943	
S1-331845381	
S1-707914448	
S1-102202834	
S1-141087331	
S1-165542342	
S1-898947890	
S1-385250817	
S1-761011833	
S1-566283539	
S1-830033553	
S1-359647275	
S1-412780936	
S1-723193003	
S1-879340990	
S1-683469235	
S1-938289799	
S1-499577363	
S1-279430601	
S1-565499346	
S1-723119894	
S1-760571597	
S1-854460537	
S1-744441968	
S1-366218531	
S1-840856707	
S1-686075050	
S1-340908805	
S1-950352948	
S1-729139935	
S1-382369917	
S1-131275816	
S1-909477585	
S1-649013740	
S1-990304072	
S1-12188150	
S1-164331186	
S1-206729052	
S1-671216987	
S1-787135439	
S1-447836895	
S1-599728679	
S1-392613930	
S1-679163581	
S1-339569941	
S1-377045700	
S1-103696676	
S1-138215786	
S1-792751955	
S1-679295304	
S1-919181184	
S1-185377150	
S1-326799045	
S1-855475776	
S1-911000207	
S1-801634717	
S1-152207704	
S1-402174224	
S1-696447601	
S1-831496060	
S1-679205019	
S1-654107372	
S1-661430018	
S1-410250623	
S1-104836514	
S1-467207112	
S1-165900086	
S1-538697953	
S1-35716214	
S1-555242574	
S1-707750433	
S1-875822381	
S1-938021511	
S1-777231906	
S1-242806243	
S1-763668340	
S1-551954783	
S1-350048531	
S1-39677770	
S1-441163607	
S1-181211511	
S1-50361107	
S1-368163744	
S1-81637363	
S1-908556099	
S1-112266537	
S1-799451228	
S1-276826309	
S1-555201996	
S1-354170724	
S1-279755257	
S1-229674674	
S1-113333556	
S1-544010333	
S1-917774819	
S1-258645330	
S1-478167659	
S1-333836832	
S1-512674451	
S1-559080468	
S1-95934635	
S1-570457769	
S1-200578967	
S1-637851222	
S1-463095270	
S1-659392520	
S1-868253384	
S1-764352021	
S1-70369892	
S1-154506277	
S1-230171743	
S1-26657890	
S1-912109108	
S1-462817793	
S1-779558912	
S1-207558293	
S1-231366900	
S1-340295769	
S1-692278184	
S1-923925267	
S1-537732138	
S1-145113596	
S1-649604295	
S1-626738085	
S1-871384836	
S1-558804165	
S1-729891404	
S1-742041298	
S1-567374729	
S1-238889164	
S1-721669266	
S1-646878073	
S1-505763648	
S1-149421435	
S1-998766330	
S1-574051238	
S1-683118229	
S1-270692076	
S1-296157008	
S1-811133170	
S1-559234144	
S1-577853723	
S1-425892798	
S1-402068757	
S1-538328084	
S1-402235667	
S1-402789813	
S1-76470290	
S1-433010236	
S1-865732673	
S1-85498570	
S1-682928109	
S1-560648592	
S1-965568162	
S1-114468266	
S1-126915647	
S1-22931524	
S1-489390303	
S1-848470945	
S1-575386973	
S1-536510073	
S1-402360980	
S1-688052073	
S1-112777200	
S1-4364876	
S1-986281205	
S1-229290320	
S1-377664765	
S1-831614451	
S1-28018490	
S1-259215897	
S1-968529535	
S1-415154931	
S1-960459919	
S1-108484076	
S1-480332260	
S1-218276571	
S1-598909400	
S1-120612245	
S1-715847600	
S1-507088646	
S1-20971136	
S1-334289360	
S1-638236524	
S1-460679179	
S1-160175495	
S1-62263148	
S1-174320635	
S1-331986655	
S1-54396991	
S1-732812992	
S1-947543861	
S1-353899126	
S1-870048224	
S1-705842662	
S1-140424239	
S1-770041852	
S1-719368072	
S1-517658209	
S1-897836699	
S1-912803277	
S1-986226976	
S1-529670053	
S1-152242221	
S1-815947255	
S1-640747618	
S1-464229908	
S1-259452896	
S1-268847598	
S1-458313492	
S1-641637482	
S1-217605541	
S1-4241903	
S1-614224669	
S1-135757879	
S1-734344380	
S1-606641496	
S1-764334106	
S1-220090251	
S1-315298364	
S1-773547079	
S1-111976722	
S1-369734289	
S1-657398412	
S1-640609028	
S1-485358472	
S1-206979561	
S1-638581377	
S1-874788125	
S1-305814761	
S1-754299069	
S1-810681963	
S1-466188717	
S1-378496541	
S1-318341696	
S1-614656267	
S1-941376850	
S1-222052555	
S1-354501989	
S1-925778627	
S1-527291351	
S1-31991450	
S1-410193530	
S1-14111597	
S1-893567686	
S1-884096681	
S1-194242126	
S1-998393883	
S1-265629808	
S1-848287425	
S1-953046190	
S1-816821735	
S1-448104570	
S1-178999240	
S1-744755349	
S1-33584121	
S1-624082294	
S1-306547736	
S1-621822966	
S1-386260642	
S1-844085084	
S1-778194269	
S1-685295297	
S1-902086157	
S1-35194933	
S1-637744350	
S1-931662521	
S1-762626196	
S1-506646426	
S1-294859826	
S1-113728236	
S1-688017047	
S1-986227642	
S1-753809530	
S1-519265207	
S1-33007344	
S1-422251191	
S1-247681674	
S1-466484333	
S1-852391545	
S1-90729935	
S1-583739355	
S1-915615816	
S1-644726112	
S1-189515270	
S1-512964068	
S1-43291021	
S1-780602737	
S1-644581475	
S1-942049752	
S1-635826207	
S1-488394541	
S1-610930382	
S1-489219669	
S1-967394558	
S1-481204083	
S1-318907189	
S1-602417576	
S1-417222362	
S1-37422728	
S1-650567594	
S1-399374368	
S1-125362169	
S1-898632627	
S1-702502390	
S1-224912352	
S1-170718079	
S1-984835623	
S1-716369106	
S1-241000339	
S1-607237763	
S1-517952569	
S1-740004926	
S1-302005514	
S1-363287970	
S1-368409178	
S1-356343329	
S1-110094447	
S1-918808549	
S1-796747712	
S1-531449272	
S1-543939911	
S1-11073851	
S1-314676977	
S1-206391308	
S1-391420313	
S1-393367230	
S1-215379976	
S1-894845389	
S1-376945004	
S1-102200986	
S1-319433869	
S1-194414974	
S1-941668951	
S1-182489599	
S1-656946330	
S1-678140835	
S1-182364566	
S1-838417107	
S1-767940596	
S1-315801208	
S1-396648104	
S1-531158702	
S1-80406007	
S1-769541676	
S1-926139357	
S1-225870264	
S1-112716272	
S1-433666231	
S1-512465270	
S1-382559862	
S1-388035054	
S1-403369651	
S1-821962159	
S1-673646777	
S1-727856659	
S1-244934664	
S1-263168682	
S1-621417630	
S1-47170762	
S1-468434907	
S1-733281943	
S1-692656928	
S1-809021931	
S1-14236679	
S1-784687156	
S1-151232670	
S1-132351509	
S1-688442898	
S1-857205474	
S1-974540956	
S1-422924219	
S1-54599556	
S1-814693802	
S1-939269286	
S1-109309970	
S1-351383707	
S1-948827215	
S1-428560303	
S1-991274764	
S1-438597077	
S1-692174250	
S1-410228845	
S1-853134901	
S1-236358356	
S1-281663647	
S1-117766623	
S1-282833798	
S1-940179180	
S1-778782728	
S1-481167025	
S1-113898976	
S1-91280461	
S1-306922503	
S1-762230880	
S1-513897683	
S1-681756009	
S1-18938100	
S1-561064994	
S1-368120546	
S1-619512874	
S1-461691670	
S1-51476992	
S1-553102212	
S1-746825318	
S1-108262995	
S1-62648139	
S1-365868620	
S1-46766328	
S1-593484334	
S1-673354128	
S1-134122288	
S1-613337600	
S1-121682200	
S1-122345571	
S1-126615329	
S1-690354332	
S1-73436716	
S1-747852359	
S1-200854359	
S1-829598138	
S1-29743298	
S1-704216672	
S1-801444408	
S1-130871626	
S1-414723210	
S1-916152693	
S1-628169579	
S1-220193920	
S1-34593272	
S1-92942472	
S1-468300531	
S1-908347087	
S1-474659341	
S1-753848753	
S1-467669411	
S1-219523647	
S1-495422887	
S1-497449482	
S1-6687513	
S1-480118773	
S1-824040898	
S1-933548736	
S1-756855011	
S1-381271606	
S1-89736536	
S1-310829560	
S1-495194237	
S1-125825480	
S1-811735088	
S1-665033244	
S1-415159533	
S1-565064267	
S1-783649299	
S1-477529781	
S1-847931495	
S1-128257856	
S1-987954041	
S1-436068165	
S1-861477697	
S1-535870262	
S1-117410925	
S1-275231855	
S1-812866512	
S1-693993540	
S1-290910902	
S1-793636926	
S1-392669187	
S1-418527685	
S1-95727296	
S1-412806978	
S1-683955344	
S1-215162282	
S1-369522775	
S1-994930834	
S1-493844794	
S1-449809696	
S1-787610485	
S1-679130487	
S1-754156865	
S1-116098456	
S1-46326637	
S1-520350964	
S1-849587293	
S1-230443807	
S1-165930227	
S1-959464347	
S1-233650733	
S1-640676538	
S1-100320435	
S1-523124609	
S1-889145385	
S1-849811480	
S1-977857717	
S1-673106001	
S1-317748049	
S1-808275900	
S1-271906038	
S1-735986438	
S1-491947326	
S1-5356669	
S1-374021576	
S1-129007343	
S1-790133811	
S1-765553909	
S1-997854625	
S1-757553065	
S1-335566777	
S1-521034659	
S1-106713544	
S1-531736502	
S1-627992412	
S1-688411836	
S1-500338357	
S1-922018458	
S1-771953810	
S1-739796055	
S1-927495337	
S1-594598772	
S1-457340810	
S1-65872214	
S1-277127544	
S1-611396639	
S1-429358703	
S1-232718407	
S1-433824443	
S1-717689452	
S1-697781899	
S1-759894026	
S1-346165715	
S1-71025936	
S1-8496376	
S1-587380334	
S1-772894608	
S1-242467249	
S1-995686097	
S1-689676305	
S1-222478897	
S1-298867322	
S1-414944375	
S1-821206435	
S1-192458311	
S1-606423556	
S1-86040059	
S1-400045520	
S1-84295304	
S1-974339730	
S1-685062198	
S1-930941828	
S1-557810803	
S1-500539975	
S1-987688762	
S1-658877850	
S1-99118911	
S1-806568711	
S1-132274986	
S1-555867154	
S1-297915741	
S1-517433538	
S1-372906738	
S1-49870306	
S1-940747860	
S1-867587090	
S1-367024969	
S1-137928344	
S1-47631817	
S1-576082491	
S1-373231069	
S1-175222700	
S1-87515047	
S1-804077430	
S1-670811864	
S1-755382769	
S1-169299350	
S1-674808035	
S1-453883866	
S1-33766053	
S1-464423406	
S1-602245269	
S1-343700495	
S1-408565583	
S1-985954485	
S1-497208495	
S1-827944436	
S1-946414375	
S1-565593961	
S1-550358201	
S1-52473032	
S1-880707463	
S1-321616638	
S1-368040910	
S1-585393107	
S1-764392060	
S1-754882035	
S1-49578704	
S1-818095359	
S1-634190522	
S1-798988862	
S1-794948764	
S1-743775412	
S1-520587521	
S1-556466855	
S1-579224415	
S1-103811791	
S1-470055434	
S1-448464567	
S1-207667114	
S1-894048946	
S1-810837473	
S1-845408249	
S1-876680140	
S1-40045189	
S1-265343205	
S1-464199162	
S1-986462880	
S1-557946692	
S1-917105847	
S1-906423356	
S1-951357774	
S1-792996791	
S1-760241428	
S1-259868951	
S1-249949043	
S1-200363551	
S1-427873586	
S1-762966630	
S1-276638574	
S1-983354539	
S1-439396530	
S1-519476580	
S1-128196680	
S1-85638966	
S1-325476567	
S1-566595708	
S1-773903239	
S1-386258857	
S1-758058337	
S1-522078506	
S1-557342180	
S1-153343953	
S1-273955974	
S1-839367358	
S1-795681774	
S1-261635465	
S1-808271017	
S1-139989874	
S1-423498499	
S1-709922954	
S1-254104623	
S1-749839535	
S1-776089640	
S1-639185600	
S1-851078815	
S1-723650685	
S1-642954216	
S1-230765721	
S1-737144572	
S1-726101815	
S1-359670237	
S1-428637196	
S1-258848162	
S1-385954406	
S1-504094969	
S1-218549558	
S1-171165517	
S1-561729727	
S1-997236369	
S1-760784764	
S1-704294238	
S1-976019732	
S1-952970176	
S1-722820515	
S1-439759537	
S1-25525870	
S1-261245139	
S1-535548690	
S1-813344444	
S1-615832111	
S1-475758506	
S1-263289064	
S1-217652203	
S1-326187747	
S1-812711858	
S1-943675771	
S1-607201821	
S1-492405454	
S1-201563762	
S1-707794163	
S1-859107830	
S1-974786169	
S1-178055329	
S1-489599576	
S1-476962059	
S1-956972270	
S1-601006614	
S1-918803130	
S1-80776	
S1-227022266	
S1-397867692	
S1-963765495	
S1-125733604	
S1-525352948	
S1-463128644	
S1-143433633	
S1-623330075	
S1-638994271	
S1-340612655	
S1-493973448	
S1-130431247	
S1-530200999	
S1-223254345	
S1-167277869	
S1-717466257	
S1-104986528	
S1-172047791	
S1-250778669	
S1-127482388	
S1-376049784	
S1-162036943	
S1-502872698	
S1-391139317	
S1-722289730	
S1-258005388	
S1-638980830	
S1-812788487	
S1-656641065	
S1-255135985	
S1-619925715	
S1-390535126	
S1-793794801	
S1-268079105	
S1-240561136	
S1-619244902	
S1-107304651	
S1-227490922	
S1-51206279	
S1-324958514	
S1-546201084	
S1-119556371	
S1-341293636	
S1-927961438	
S1-535328381	
S1-516746625	
S1-347445840	
S1-119968225	
S1-377874863	
S1-341819852	
S1-764280435	
S1-691614393	
S1-667173731	
S1-108015586	
S1-844632080	
S1-180910565	
S1-450610488	
S1-458445180	
S1-626132996	
S1-955133366	
S1-724109174	
S1-68382284	
S1-600631624	
S1-718579751	
S1-409902397	
S1-913086747	
S1-405136950	
S1-159826526	
S1-612703844	
S1-85016581	
S1-920730702	
S1-313598124	
S1-219703096	
S1-23360552	
S1-460751608	
S1-892098567	
S1-273578150	
S1-574025172	
S1-104147765	
S1-440397831	
S1-511949546	
S1-555306607	
S1-900985622	
S1-431034264	
S1-750577681	
S1-96432465	
S1-302865798	
S1-32096251	
S1-232141	
S1-546900158	
S1-587122656	
S1-533857633	
S1-534218508	
S1-622437801	
S1-147381187	
S1-245032950	
S1-661306540	
S1-516953626	
S1-739084385	
S1-243045199	
S1-557268647	
S1-1329238	
S1-145828982	
S1-381878400	
S1-996967110	
S1-425268525	
S1-491572295	
S1-627547231	
S1-760671599	
S1-14252869	
S1-51597865	
S1-570398062	
S1-838919799	
S1-687381312	
S1-854756355	
S1-479527626	
S1-521066586	
S1-611041417	
S1-726229664	
S1-446138924	
S1-3652663	
S1-142540527	
S1-636934745	
S1-851581908	
S1-692321610	
S1-797562755	
S1-916209339	
S1-702090122	
S1-105351396	
S1-799517335	
S1-418378719	
S1-486264952	
S1-289905473	
S1-653091965	
S1-85651439	
S1-65050223	
S1-683527201	
S1-259527438	
S1-528065489	
S1-39998206	
S1-163773747	
S1-130912228	
S1-996842941	
S1-520779068	
S1-436521043	
S1-675278297	
S1-652719139	
S1-509254768	
S1-431881109	
S1-357854164	
S1-597024098	
S1-374041656	
S1-202123531	
S1-170519579	
S1-871436036	
S1-121993607	
S1-703504888	
S1-657800602	
S1-854202353	
S1-228476433	
S1-970718643	
S1-811514359	
S1-675592900	
S1-454185190	
S1-266150084	
S1-424988884	
S1-800479989	
S1-348525863	
S1-480133617	
S1-742420756	
S1-840392378	
S1-10062579	
S1-139162442	
S1-283792159	
S1-771969594	
S1-62963179	
S1-147466083	
S1-624182822	
S1-681011650	
S1-813808496	
S1-926159618	
S1-79610459	
S1-899218576	
S1-433419502	
S1-864031341	
S1-108017381	
S1-523050866	
S1-995735041	
S1-437046897	
S1-823635807	
S1-435041384	
S1-277998694	
S1-620513067	
S1-777379040	
S1-604117897	
S1-335153245	
S1-508792549	
S1-22573665	
S1-186284876	
S1-101263170	
S1-947089721	
S1-273703645	
S1-735557128	
S1-26584655	
S1-432399165	
S1-517094449	
S1-960823980	
S1-747542283	
S1-273762452	
S1-343753164	
S1-273511664	
S1-95250544	
S1-737534107	
S1-334922293	
S1-836107869	
S1-284047086	
S1-1435863	
S1-51402795	
S1-52272145	
S1-451207283	
S1-389859363	
S1-456607733	
S1-986745029	
S1-630252462	
S1-382238052	
S1-897790459	
S1-347875742	
S1-310784046	
S1-302685636	
S1-504696357	
S1-646340096	
S1-852480136	
S1-706962864	
S1-218324366	
S1-557518531	
S1-177054884	
S1-943382200	
S1-151405789	
S1-383555977	
S1-457236046	
S1-672804298	
S1-115344048	
S1-497380626	
S1-576179432	
S1-229536238	
S1-17647335	
S1-146271637	
S1-553306646	
S1-226312582	
S1-141544592	
S1-416870750	
S1-609686480	
S1-707551299	
S1-895211829	
S1-725540529	
S1-305841856	
S1-127398070	
S1-538475444	
S1-878749577	
S1-927209466	
S1-735324027	
S1-292202764	
S1-30888785	
S1-475450184	
S1-432788390	
S1-997807190	
S1-222066796	
S1-174792964	
S1-79736348	
S1-446371453	
S1-697753933	
S1-852843314	
S1-116745313	
S1-111579968	
S1-338959066	
S1-755695749	
S1-501659071	
S1-27453271	
S1-891705267	
S1-213711061	
S1-340877983	
S1-273452047	
S1-254835138	
S1-164218480	
S1-883766964	
S1-357937592	
S1-953372469	
S1-734424099	
S1-402157991	
S1-952970291	
S1-720071759	
S1-863437153	
S1-547133956	
S1-396677333	
S1-747861058	
S1-307113118	
S1-630662861	
S1-341159497	
S1-299674385	
S1-409135803	
S1-750167220	
S1-391391219	
S1-559564557	
S1-220513155	
S1-450806805	
S1-920648201	
S1-840197811	
S1-667333905	
S1-276506234	
S1-305881553	
S1-448190589	
S1-787665911	
S1-356592378	
S1-264399329	
S1-426426150	
S1-238334837	
S1-921181080	
S1-384875921	
S1-766088874	
S1-373645743	
S1-320944101	
S1-459475173	
S1-975824935	
S1-301192160	
S1-331067242	
S1-441441698	
S1-156695059	
S1-421549578	
S1-534067676	
S1-322627884	
S1-581712362	
S1-130442963	
S1-135710952	
S1-388277393	
S1-522222080	
S1-891675514	
S1-210304702	
S1-60530379	
S1-187011905	
S1-352437733	
S1-774557679	
S1-648884719	
S1-186951550	
S1-711996477	
S1-944708848	
S1-526213748	
S1-954289564	
S1-882954384	
S1-635283071	
S1-620236404	
S1-607405117	
S1-900620899	
S1-667492152	
S1-627287290	
S1-713214446	
S1-94559069	
S1-464270078	
S1-555756802	
S1-279544386	
S1-161113407	
S1-980777453	
S1-940461808	
S1-226944091	
S1-65300225	
S1-588751193	
S1-836242310	
S1-954320078	
S1-797876267	
S1-78625248	
S1-820804282	
S1-140403565	
S1-281207210	
S1-826225070	
S1-755207616	
S1-730710061	
S1-633060455	
S1-281440483	
S1-982848845	
S1-219264594	
S1-273158121	
S1-302513581	
S1-815542052	
S1-381480856	
S1-725946321	
S1-212275228	
S1-739940200	
S1-528578332	
S1-303789004	
S1-38910981	
S1-561882435	
S1-624347546	
S1-931668142	
S1-623083217	
S1-957929871	
S1-776501152	
S1-335852521	
S1-139798074	
S1-161040238	
S1-927766813	
S1-234696842	
S1-187568104	
S1-917959820	
S1-979931630	
S1-228773755	
S1-273781649	
S1-801894424	
S1-303244376	
S1-86656506	
S1-594812363	
S1-613995737	
S1-317575530	
S1-241957612	
S1-519203065	
S1-632062714	
S1-433863007	
S1-909986124	
S1-880571259	
S1-360276933	
S1-228106563	
S1-278553685	
S1-221507858	
S1-898062246	
S1-504851059	
S1-690630070	
S1-461586452	
S1-343905993	
S1-642257566	
S1-479367801	
S1-361375443	
S1-53472973	
S1-706813744	
S1-322921070	
S1-848189584	
S1-742662671	
S1-567204829	
S1-265485887	
S1-713519560	
S1-686140926	
S1-965229938	
S1-773860567	
S1-636840552	
S1-392384936	
S1-513310797	
S1-899940157	
S1-453844519	
S1-702262678	
S1-662764608	
S1-617140831	
S1-717633802	
S1-209706919	
S1-473416041	
S1-165101367	
S1-910110875	
S1-513508342	
S1-447883783	
S1-646820707	
S1-258973603	
S1-291038388	
S1-171286192	
S1-22264390	
S1-678043272	
S1-110891582	
S1-130921669	
S1-652768308	
S1-935422790	
S1-657151882	
S1-493322604	
S1-290442235	
S1-376551955	
S1-533910632	
S1-62639077	
S1-436126115	
S1-474200010	
S1-458309732	
S1-972416302	
S1-718448764	
S1-76954124	
S1-426814177	
S1-557143050	
S1-805787945	
S1-380030595	
S1-445766688	
S1-983794557	
S1-847202884	
S1-868243354	
S1-828569310	
S1-146992791	
S1-214700312	
S1-957735142	
S1-317825404	
S1-459341708	
S1-469460169	
S1-299746466	
S1-922988570	
S1-404030522	
S1-301229837	
S1-650784784	
S1-1668182	
S1-840347901	
S1-967028296	
S1-40723514	
S1-972562477	
S1-102629041	
S1-899214590	
S1-982535516	
S1-306775388	
S1-670620696	
S1-239559665	
S1-281130282	
S1-922208287	
S1-302712720	
S1-502273598	
S1-492363231	
S1-266362885	
S1-11469807	
S1-309823873	
S1-370001113	
S1-839324317	
S1-406171753	
S1-142492064	
S1-45192282	
S1-699147605	
S1-559860337	
S1-168081062	
S1-963372013	
S1-546417858	
S1-502331464	
S1-287098473	
S1-484160374	
S1-398329141	
S1-711670695	
S1-695167209	
S1-122520498	
S1-293730070	
S1-608758497	
S1-118221876	
S1-464926465	
S1-95986597	
S1-499304316	
S1-82376605	
S1-713702202	
S1-576747732	
S1-670653028	
S1-241469253	
S1-232211587	
S1-225730280	
S1-590198598	
S1-334615114	
S1-135405940	
S1-949040233	
S1-187556586	
S1-885868585	
S1-995760383	
S1-3553459	
S1-810881479	
S1-910723114	
S1-976154169	
S1-630640275	
S1-218901097	
S1-837723446	
S1-833129517	
S1-686833140	
S1-810373260	
S1-699061233	
S1-694237902	
S1-628263398	
S1-45397126	
S1-629986004	
S1-410215202	
S1-330711791	
S1-216165933	
S1-403243517	
S1-130992945	
S1-136860419	
S1-638451363	
S1-151209022	
S1-435462560	
S1-727842844	
S1-126988258	
S1-652341001	
S1-855274850	
S1-347432787	
S1-553507915	
S1-300973803	
S1-345762964	
S1-35869297	
S1-924839665	
S1-826740843	
S1-853625714	
S1-667856052	
S1-242270292	
S1-178498365	
S1-146872925	
S1-586251012	
S1-731638934	
S1-538136946	
S1-475228313	
S1-209766592	
S1-583372765	
S1-489024631	
S1-109754688	
S1-748496353	
S1-563978639	
S1-524472166	
S1-729087413	
S1-791013717	
S1-523999884	
S1-599644464	
S1-809265643	
S1-716127468	
S1-789266327	
S1-19348650	
S1-230625274	
S1-17836670	
S1-270475471	
S1-179444782	
S1-844978815	
S1-44449835	
S1-793407742	
S1-1038505	
S1-46340998	
S1-989737645	
S1-861987928	
S1-95312837	
S1-936035345	
S1-164135850	
S1-613045685	
S1-875300558	
S1-185485593	
S1-563984333	
S1-823166803	
S1-633145169	
S1-674231262	
S1-62438045	
S1-197169508	
S1-574670038	
S1-208264458	
S1-540889752	
S1-127700580	
S1-962579919	
S1-297403081	
S1-620595269	
S1-241383807	
S1-900042895	
S1-260914000	
S1-223112696	
S1-171001718	
S1-287324035	
S1-61815086	
S1-702221773	
S1-680131902	
S1-926869105	
S1-795668128	
S1-121624922	
S1-952283825	
S1-921656284	
S1-5518459	
S1-443745943	
S1-943363444	
S1-732647424	
S1-213483843	
S1-139924582	
S1-474100956	
S1-167011931	
S1-220010184	
S1-4035258	
S1-454289455	
S1-997369674	
S1-156097599	
S1-494627377	
S1-314807802	
S1-770223709	
S1-806355283	
S1-139827814	
S1-761235676	
S1-359647453	
S1-491518282	
S1-415484328	
S1-247391273	
S1-576536744	
S1-475265386	
S1-127682818	
S1-957651479	
S1-930514874	
S1-624357575	
S1-69580734	
S1-755866486	
S1-299592128	
S1-663230751	
S1-295046621	
S1-405463599	
S1-556830912	
S1-343775273	
S1-361289993	
S1-426526821	
S1-539776221	
S1-134426326	
S1-800157153	
S1-943779220	
S1-242114575	
S1-986022827	
S1-88243668	
S1-120739300	
S1-892926360	
S1-603924394	
S1-12594833	
S1-636504656	
S1-455811483	
S1-844440641	
S1-608420539	
S1-691107526	
S1-184245796	
S1-732072993	
S1-636844116	
S1-752766057	
S1-878654269	
S1-519686610	
S1-522946190	
S1-485016348	
S1-250992414	
S1-429846503	
S1-133731073	
S1-816426293	
S1-192228195	
S1-768539285	
S1-625843023	
S1-958819114	
S1-104199008	
S1-586393759	
S1-979708533	
S1-593041655	
S1-446491642	
S1-406366906	
S1-96778697	
S1-810629187	
S1-64658110	
S1-81922036	
S1-25637570	
S1-332740032	
S1-176775842	
S1-555977060	
S1-253046632	
S1-242072086	
S1-45267576	
S1-970383969	
S1-653219247	
S1-700859776	
S1-729587286	
S1-937235856	
S1-855835121	
S1-211000965	
S1-610635579	
S1-369214311	
S1-877190185	
S1-230958745	
S1-585333140	
S1-842904415	
S1-53777127	
S1-642163769	
S1-251811717	
S1-882718072	
S1-91969062	
S1-701280086	
S1-948809543	
S1-506260527	
S1-178190120	
S1-767516042	
S1-933705109	
S1-578233420	
S1-435678540	
S1-900849856	
S1-780221466	
S1-940925177	
S1-608123748	
S1-592612788	
S1-78621470	
S1-383266410	
S1-58190068	
S1-641446549	
S1-203305728	
S1-414715986	
S1-487006142	
S1-729129164	
S1-319426147	
S1-902197015	
S1-201294242	
S1-383786667	
S1-844467582	
S1-767390373	
S1-922162157	
S1-341181177	
S1-939544624	
S1-955035007	
S1-840948515	
S1-646911988	
S1-781376340	
S1-903641882	
S1-56992712	
S1-15939157	
S1-465147067	
S1-901175926	
S1-188589550	
S1-936790529	
S1-808652735	
S1-224523923	
S1-812874293	
S1-622719065	
S1-216114744	
S1-653794792	
S1-941680438	
S1-14416185	
S1-381434618	
S1-398915146	
S1-170818907	
S1-187061917	
S1-890770763	
S1-993156026	
S1-807691415	
S1-194525664	
S1-272383144	
S1-944767853	
S1-332735565	
S1-765889609	
S1-179807085	
S1-770382060	
S1-978162	
S1-843601691	
S1-777691698	
S1-207380587	
S1-967909486	
S1-275889112	
S1-567294934	
S1-554885341	
S1-872194579	
S1-737764004	
S1-57060857	
S1-336417501	
S1-108697080	
S1-176521475	
S1-415828712	
S1-200223797	
S1-486045617	
S1-437215941	
S1-327401286	
S1-105291325	
S1-543660748	
S1-47939320	
S1-392066566	
S1-517009276	
S1-14816150	
S1-604072826	
S1-73656034	
S1-332551136	
S1-840159081	
S1-618656600	
S1-716404078	
S1-708233707	
S1-933355856	
S1-156591341	
S1-303332897	
S1-159721548	
S1-784288005	
S1-636793403	
S1-945435987	
S1-984202967	
S1-584913759	
S1-781801855	
S1-903911990	
S1-751777966	
S1-397799011	
S1-702870629	
S1-703052321	
S1-8193345	
S1-106852248	
S1-602291870	
S1-149554056	
S1-997589269	
S1-543539324	
S1-565808682	
S1-211994818	
S1-559616291	
S1-746949286	
S1-756868444	
S1-318123479	
S1-247266507	
S1-961144421	
S1-858239150	
S1-223583050	
S1-516473046	
S1-191124575	
S1-54879141	
S1-865958979	
S1-83252035	
S1-559865346	
S1-371199355	
S1-369797434	
S1-780345892	
S1-785252324	
S1-926345285	
S1-841373345	
S1-145763470	
S1-841743665	
S1-436825383	
S1-950955077	
S1-963932840	
S1-675804837	
S1-743029185	
S1-998713486	
S1-301586299	
S1-895252505	
S1-718060681	
S1-760675333	
S1-344466889	
S1-695050046	
S1-55535042	
S1-458642787	
S1-580538043	
S1-884620359	
S1-712553781	
S1-37889651	
S1-247279280	
S1-299081709	
S1-516898653	
S1-573176320	
S1-195055130	
S1-559522476	
S1-746635612	
S1-350124200	
S1-502237334	
S1-32456940	
S1-630058591	
S1-733682239	
S1-245461191	
S1-506361976	
S1-823019567	
S1-309856036	
S1-50581813	
S1-321315235	
S1-446703622	
S1-416761352	
S1-383382888	
S1-63496455	
S1-592387437	
S1-415856926	
S1-147923423	
S1-257282286	
S1-758488315	
S1-260795893	
S1-114222338	
S1-58123928	
S1-445968025	
S1-588793279	
S1-573862000	
S1-237572555	
S1-445319985	
S1-377284775	
S1-67763976	
S1-311713572	
S1-214664273	
S1-409519522	
S1-103285703	
S1-786109392	
S1-163769659	
S1-113223843	
S1-591191022	
S1-198135994	
S1-351465945	
S1-388573567	
S1-834719481	
S1-775923444	
S1-585228861	
S1-743242919	
S1-344584433	
S1-8756206	
S1-228656781	
S1-163957033	
S1-728742158	
S1-290776028	
S1-850159318	
S1-298648161	
S1-662483248	
S1-791393805	
S1-364828350	
S1-404488180	
S1-766660871	
S1-233145588	
S1-590944028	
S1-719070917	
S1-180169342	
S1-395452979	
S1-73408275	
S1-377100091	
S1-510055745	
S1-29961607	
S1-609732564	
S1-62784998	
S1-642757274	
S1-187465253	
S1-454772892	
S1-850754068	
S1-26551621	
S1-956580654	
S1-829934899	
S1-653107117	
S1-482003985	
S1-365688065	
S1-23677968	
S1-127385426	
S1-477965041	
S1-299315548	
S1-701422050	
S1-898532168	
S1-969697916	
S1-314227517	
S1-394498665	
S1-217949893	
S1-398567117	
S1-738056844	
S1-907852332	
S1-445877524	
S1-426303908	
S1-610188110	
S1-646733531	
S1-814726892	
S1-888279100	
S1-211905968	
S1-247000893	
S1-604167845	
S1-6674998	
S1-815529949	
S1-382090986	
S1-735164586	
S1-476486489	
S1-827137051	
S1-228667819	
S1-622908270	
S1-697477547	
S1-34799614	
S1-709095015	
S1-9512453	
S1-777624266	
S1-611490558	
S1-235409116	
S1-509889266	
S1-469091067	
S1-321323594	
S1-827536908	
S1-369021917	
S1-167416265	
S1-145404859	
S1-429830220	
S1-514167049	
S1-822994330	
S1-884970466	
S1-217808607	
S1-817107388	
S1-611582862	
S1-889436459	
S1-826509071	
S1-697487967	
S1-530542778	
S1-696026297	
S1-468542157	
S1-950273679	
S1-375612246	
S1-88500767	
S1-171546079	
S1-582297375	
S1-133268363	
S1-816248910	
S1-593509315	
S1-114666623	
S1-921753587	
S1-616135173	
S1-247220445	
S1-517059382	
S1-931628350	
S1-790678587	
S1-818230834	
S1-781124045	
S1-100279315	
S1-639117711	
S1-200130609	
S1-525295317	
S1-916026842	
S1-706192721	
S1-958319125	
S1-596714378	
S1-160662312	
S1-443518148	
S1-751290238	
S1-854329193	
S1-859768797	
S1-566053993	
S1-559939986	
S1-480845986	
S1-14999758	
S1-751262771	
S1-694746730	
S1-173532237	
S1-126474399	
S1-946259154	
S1-406508554	
S1-730735703	
S1-381363075	
S1-403982837	
S1-994229876	
S1-989534383	
S1-357798418	
S1-421278018	
S1-211897689	
S1-580069306	
S1-481498340	
S1-202441803	
S1-124503616	
S1-446965799	
S1-746325843	
S1-957781574	
S1-436736514	
S1-657022807	
S1-837729618	
S1-40011196	
S1-848020491	
S1-839641187	
S1-678136889	
S1-686691773	
S1-784271083	
S1-455474831	
S1-163405778	
S1-651505333	
S1-595983224	
S1-283031199	
S1-776636694	
S1-616659980	
S1-817286229	
S1-970491092	
S1-333689064	
S1-910087834	
S1-423086485	
S1-328874865	
S1-543447501	
S1-603145092	
S1-21349613	
S1-240649323	
S1-366707034	
S1-380102096	
S1-42400859	
S1-755882304	
S1-413568377	
S1-924302947	
S1-105249478	
S1-250035257	
S1-451437575	
S1-121921633	
S1-580226875	
S1-296089983	
S1-102303378	
S1-837026329	
S1-404963719	
S1-913266868	
S1-266363120	
S1-538255226	
S1-326375173	
S1-821168065	
S1-890640403	
S1-835070717	
S1-729255543	
S1-488248907	
S1-585044880	
S1-658870420	
S1-594223473	
S1-7479360	
S1-568831284	
S1-755548329	
S1-805742087	
S1-433348072	
S1-204172064	
S1-543605321	
S1-115948957	
S1-175999133	
S1-824725661	
S1-299155086	
S1-900015610	
S1-701988153	
S1-767274423	
S1-995031065	
S1-872290851	
S1-69762801	
S1-6405853	
S1-788566906	
S1-655355041	
S1-787093553	
S1-720227697	
S1-266702214	
S1-287410793	
S1-29974192	
S1-992038866	
S1-537767952	
S1-376309082	
S1-481521290	
S1-690736949	
S1-653604075	
S1-406182827	
S1-384694769	
S1-631421669	
S1-905610674	
S1-489934030	
S1-310069501	
S1-119275921	
S1-659403071	
S1-802855294	
S1-950360550	
S1-638557054	
S1-598503838	
S1-135607410	
S1-487116936	
S1-791680071	
S1-374509951	
S1-892794716	
S1-756973078	
S1-476942027	
S1-853337661	
S1-676700710	
S1-183696970	
S1-166589246	
S1-733762738	
S1-594480055	
S1-167141033	
S1-29047579	
S1-866518967	
S1-475734041	
S1-511614665	
S1-468379479	
S1-379369049	
S1-716504261	
S1-211068743	
S1-532738397	
S1-140677392	
S1-989925373	
S1-611868436	
S1-379787071	
S1-196169790	
S1-433191813	
S1-701487652	
S1-45138321	
S1-653161508	
S1-532709463	
S1-782996573	
S1-527104005	
S1-98329479	
S1-602055639	
S1-467601634	
S1-902209912	
S1-444594649	
S1-623846945	
S1-752147918	
S1-406923217	
S1-964918077	
S1-156804805	
S1-121483246	
S1-281838188	
S1-546235402	
S1-172772938	
S1-925454130	
S1-516589921	
S1-48478578	
S1-945476941	
S1-326349312	
S1-721285631	
S1-679653209	
S1-322750469	
S1-66348396	
S1-139756023	
S1-350479291	
S1-789419944	
S1-456585646	
S1-533170663	
S1-140559558	
S1-110066004	
S1-617064124	
S1-437550680	
S1-448018899	
S1-428217724	
S1-515884757	
S1-303496680	
S1-557233086	
S1-537118933	
S1-458076943	
S1-453332173	
S1-986357326	
S1-81143024	
S1-573957700	
S1-684666070	
S1-419347798	
S1-574482790	
S1-715567207	
S1-735318154	
S1-425303389	
S1-43523508	
S1-531525476	
S1-98277762	
S1-705713025	
S1-8744367	
S1-113811969	
S1-8814407	
S1-7952954	
S1-66770531	
S1-891308355	
S1-88204806	
S1-307901914	
S1-646193638	
S1-932392207	
S1-168575620	
S1-150451400	
S1-344911319	
S1-524397591	
S1-496229526	
S1-664304809	
S1-457353582	
S1-810968572	
S1-315795460	
S1-788494579	
S1-525901175	
S1-166100381	
S1-371278037	
S1-976078752	
S1-53499951	
S1-323342021	
S1-224774611	
S1-437951158	
S1-594974314	
S1-360240928	
S1-581127158	
S1-159098485	
S1-893847903	
S1-935372013	
S1-503950162	
S1-101469146	
S1-402982478	
S1-259668566	
S1-374254657	
S1-25688300	
S1-907068889	
S1-299759870	
S1-348187849	
S1-594417144	
S1-355030632	
S1-884200077	
S1-20880363	
S1-541936940	
S1-766788569	
S1-345424121	
S1-907865018	
S1-188374841	
S1-962834065	
S1-36674557	
S1-693700393	
S1-340001149	
S1-291641643	
S1-270542817	
S1-480838278	
S1-899460856	
S1-625335134	
S1-932897365	
S1-581530644	
S1-112119131	
S1-402065537	
S1-436987038	
S1-558911141	
S1-424109860	
S1-626705203	
S1-989161321	
S1-899687632	
S1-90166250	
S1-533576960	
S1-675145398	
S1-73153171	
S1-275751394	
S1-55807149	
S1-509021363	
S1-171245357	
S1-887606365	
S1-420680981	
S1-189717582	
S1-212537507	
S1-440217753	
S1-84049368	
S1-12334356	
S1-781712517	
S1-211094178	
S1-357467786	
S1-292223040	
S1-105050415	
S1-817906448	
S1-264491470	
S1-68519410	
S1-514198392	
S1-358909862	
S1-180428251	
S1-745397396	
S1-586397724	
S1-876991375	
S1-755354024	
S1-47981946	
S1-139079196	
S1-396664204	
S1-759534744	
S1-562008911	
S1-700755309	
S1-503067580	
S1-990456125	
S1-926540701	
S1-569103290	
S1-596359814	
S1-345374619	
S1-783516976	
S1-889166278	
S1-342382063	
S1-668531919	
S1-939286104	
S1-818738514	
S1-18262600	
S1-866691054	
S1-664375334	
S1-126095563	
S1-26460927	
S1-645610465	
S1-688760208	
S1-263139090	
S1-179736438	
S1-707961232	
S1-481444021	
S1-351975332	
S1-605070061	
S1-817299955	
S1-301052901	
S1-229694731	
S1-721344090	
S1-288745004	
S1-877741155	
S1-161309900	
S1-263892460	
S1-513599128	
S1-953761436	
S1-375165850	
S1-902564407	
S1-895322435	
S1-992248145	
S1-76698152	
S1-411030	
S1-484696107	
S1-820132803	
S1-775962931	
S1-983976386	
S1-418923440	
S1-937365394	
S1-476016290	
S1-830909468	
S1-752467852	
S1-386434519	
S1-207186369	
S1-718049994	
S1-978001671	
S1-930965262	
S1-964796300	
S1-733612741	
S1-546166487	
S1-463468184	
S1-379600826	
S1-75112977	
S1-459868030	
S1-921949610	
S1-491150614	
S1-959590345	
S1-627418879	
S1-267800869	
S1-971058732	
S1-368525941	
S1-98622865	
S1-435925608	
S1-507166503	
S1-707783375	
S1-908249466	
S1-338957448	
S1-883773364	
S1-968332918	
S1-646217985	
S1-923953011	
S1-486888586	
S1-751174522	
S1-940391924	
S1-506661247	
S1-682512031	
S1-962544382	
S1-309381512	
S1-441349015	
S1-494623223	
S1-761272783	
S1-801552826	
S1-908340970	
S1-175472186	
S1-713114163	
S1-868486501	
S1-277377300	
S1-281004950	
S1-215088806	
S1-140719561	
S1-991551326	
S1-486669405	
S1-813239690	
S1-590385281	
S1-755720871	
S1-268323329	
S1-672403821	
S1-457117540	
S1-149860919	
S1-770520847	
S1-134115180	
S1-918035685	
S1-612384243	
S1-408763291	
S1-113058192	
S1-279038088	
S1-274681616	
S1-693925837	
S1-45946739	
S1-386396381	
S1-994126768	
S1-515219087	
S1-911898237	
S1-154261046	
S1-135753871	
S1-574482227	
S1-720619659	
S1-687777636	
S1-600252299	
S1-57905919	
S1-307720418	
S1-980273982	
S1-74928501	
S1-507548508	
S1-745315208	
S1-743619701	
S1-611601828	
S1-182023166	
S1-339634929	
S1-262908094	
S1-140726878	
S1-321636602	
S1-580692843	
S1-786940069	
S1-5805172	
S1-379153384	
S1-894718740	
S1-452018876	
S1-888579602	
S1-728218549	
S1-605677190	
S1-110582588	
S1-19256590	
S1-833144474	
S1-630611762	
S1-900824065	
S1-846203964	
S1-581442283	
S1-324132849	
S1-23119232	
S1-810319015	
S1-706741352	
S1-864660341	
S1-926783079	
S1-947901769	
S1-433602501	
S1-577525293	
S1-455055944	
S1-639187727	
S1-588382664	
S1-611658325	
S1-971410332	
S1-399548869	
S1-939695180	
S1-694621496	
S1-475350427	
S1-996639185	
S1-74524085	
S1-913709645	
S1-81877564	
S1-823580542	
S1-761715283	
S1-947638057	
S1-780209007	
S1-711977978	
S1-965821657	
S1-237682788	
S1-786132096	
S1-177060844	
S1-80704857	
S1-767129939	
S1-146244255	
S1-28533942	
S1-422392446	
S1-421403418	
S1-790298301	
S1-771404433	
S1-815809326	
S1-892719094	
S1-506011386	
S1-162219319	
S1-165881449	
S1-83717084	
S1-716407122	
S1-79060211	
S1-287309921	
S1-389989439	
S1-986400604	
S1-237690148	
S1-459902633	
S1-14024161	
S1-226480101	
S1-382840760	
S1-290618878	
S1-847261525	
S1-961541110	
S1-538652542	
S1-345364306	
S1-455003230	
S1-138763170	
S1-924856824	
S1-784405726	
S1-215414147	
S1-676335248	
S1-66214803	
S1-795383690	
S1-710419867	
S1-974111206	
S1-82512626	
S1-849984943	
S1-310398583	
S1-631503122	
S1-317724879	
S1-105114617	
S1-691774352	
S1-85569962	
S1-361935244	
S1-392425400	
S1-921465632	
S1-980301787	
S1-871903043	
S1-297742190	
S1-186481727	
S1-626979946	
S1-551793245	
S1-692085267	
S1-172667353	
S1-257971339	
S1-254257195	
S1-694597331	
S1-831689980	
S1-420176723	
S1-810811765	
S1-752934624	
S1-754106226	
S1-699748206	
S1-460467149	
S1-390556836	
S1-125226366	
S1-449220864	
S1-450210866	
S1-234877150	
S1-205121863	
S1-969872929	
S1-155825751	
S1-729562653	
S1-667946438	
S1-245206089	
S1-392176381	
S1-272455073	
S1-634527057	
S1-585873994	
S1-881158298	
S1-97690685	
S1-896653015	
S1-325652498	
S1-665887335	
S1-544511804	
S1-969943954	
S1-896596082	
S1-159845454	
S1-461580521	
S1-6547069	
S1-622465292	
S1-818965321	
S1-535276242	
S1-832825068	
S1-473516920	
S1-136873370	
S1-89943359	
S1-26831858	
S1-34369720	
S1-218471023	
S1-164266670	
S1-507708897	
S1-874898247	
S1-206896952	
S1-206391563	
S1-431641853	
S1-198228618	
S1-137308321	
S1-532136900	
S1-671536697	
S1-615178708	
S1-647173498	
S1-35293194	
S1-857432780	
S1-728679371	
S1-972736030	
S1-251469508	
S1-204822794	
S1-441843724	
S1-325350634	
S1-97346689	
S1-127774657	
S1-199345691	
S1-748393232	
S1-733237704	
S1-473263911	
S1-68041950	
S1-663035895	
S1-11700475	
S1-219239696	
S1-148912231	
S1-174674529	
S1-109241726	
S1-385324072	
S1-339835869	
S1-556258407	
S1-385483606	
S1-412522620	
S1-212806081	
S1-606901466	
S1-55534506	
S1-657631395	
S1-552950124	
S1-549762646	
S1-94680143	
S1-398753035	
S1-966022454	
S1-665537374	
S1-845976850	
S1-959790731	
S1-454288296	
S1-700423446	
S1-699518397	
S1-993813813	
S1-560104006	
S1-361726062	
S1-320082766	
S1-685818127	
S1-770968198	
S1-528923732	
S1-388859358	
S1-838183542	
S1-134933375	
S1-313258391	
S1-907573377	
S1-94897061	
S1-587374769	
S1-467868176	
S1-191563467	
S1-986970342	
S1-607793458	
S1-941352022	
S1-729256525	
S1-812320346	
S1-425309478	
S1-230205987	
S1-879615067	
S1-89895611	
S1-207954443	
S1-256383768	
S1-556999398	
S1-652026424	
S1-44189473	
S1-318594686	
S1-268786790	
S1-359064506	
S1-881970609	
S1-778935556	
S1-521480639	
S1-34540900	
S1-369330202	
S1-423240599	
S1-858160275	
S1-518088829	
S1-872246976	
S1-438739259	
S1-518499488	
S1-530544759	
S1-308181228	
S1-590041133	
S1-418694729	
S1-875092059	
S1-576484572	
S1-388767593	
S1-88196851	
S1-702117138	
S1-556075317	
S1-240604402	
S1-492647342	
S1-216204100	
S1-785274616	
S1-150076147	
S1-565437317	
S1-941876442	
S1-507216899	
S1-464686396	
S1-705339733	
S1-507539233	
S1-91625492	
S1-327229214	
S1-813699074	
S1-295201511	
S1-164185385	
S1-479768100	
S1-77801915	
S1-745970559	
S1-736617230	
S1-318326583	
S1-869522885	
S1-81758339	
S1-750245426	
S1-914115819	
S1-228118969	
S1-485602166	
S1-403524574	
S1-326194456	
S1-741256676	
S1-214914943	
S1-532668906	
S1-763196732	
S1-64545208	
S1-932270924	
S1-225996412	
S1-416294949	
S1-50986628	
S1-158991042	
S1-716563252	
S1-348125775	
S1-167415974	
S1-836393580	
S1-932719935	
S1-135296616	
S1-100187919	
S1-138269865	
S1-463643228	
S1-225228735	
S1-839999682	
S1-996766061	
S1-482209352	
S1-390387670	
S1-864394231	
S1-809314802	
S1-984264540	
S1-758862959	
S1-591158971	
S1-347352517	
S1-162676951	
S1-85398994	
S1-993588188	
S1-773460584	
S1-20974230	
S1-642905163	
S1-479761702	
S1-768347315	
S1-290909607	
S1-530637264	
S1-272922202	
S1-599779282	
S1-263398342	
S1-406316425	
S1-657020458	
S1-978855013	
S1-18546457	
S1-860127314	
S1-176004602	
S1-243855834	
S1-803953884	
S1-610419822	
S1-699967866	
S1-190644318	
S1-519122835	
S1-163178706	
S1-416058252	
S1-771893759	
S1-143094156	
S1-269503438	
S1-877712287	
S1-753515243	
S1-589715866	
S1-545134929	
S1-914609854	
S1-111043079	
S1-822361028	
S1-721723504	
S1-107849895	
S1-812316280	
S1-428218449	
S1-15581358	
S1-346521673	
S1-61079859	
S1-420221261	
S1-374098734	
S1-203878261	
S1-697198353	
S1-218539301	
S1-96251867	
S1-363438427	
S1-373681495	
S1-94414647	
S1-694632906	
S1-613663525	
S1-919206141	
S1-142950270	
S1-722684604	
S1-644912003	
S1-711170999	
S1-917032805	
S1-329525557	
S1-872266811	
S1-281858379	
S1-730435526	
S1-549470283	
S1-20506821	
S1-780914535	
S1-92724228	
S1-144844391	
S1-264547144	
S1-533090453	
S1-323760684	
S1-238435593	
S1-210940023	
S1-786590121	
S1-530528868	
S1-266542534	
S1-377363025	
S1-134808008	
S1-19823695	
S1-353946779	
S1-19778941	
S1-419712378	
S1-661764968	
S1-496968901	
S1-333965940	
S1-824853714	
S1-157448805	
S1-231514377	
S1-288845872	
S1-647695671	
S1-446839131	
S1-302944369	
S1-456132040	
S1-386172222	
S1-708261634	
S1-445086300	
S1-512050679	
S1-192895693	
S1-265121379	
S1-211689041	
S1-898455684	
S1-213737861	
S1-294867424	
S1-433568798	
S1-373033028	
S1-707318446	
S1-929368053	
S1-102433249	
S1-189494213	
S1-21523316	
S1-369734039	
S1-175003867	
S1-415990316	
S1-148753478	
S1-208594098	
S1-108640458	
S1-345978299	
S1-859804172	
S1-525749617	
S1-971358710	
S1-791684659	
S1-888304943	
S1-896271081	
S1-49234588	
S1-899151069	
S1-824888370	
S1-439373261	
S1-240518615	
S1-395553557	
S1-140901712	
S1-816910683	
S1-785811387	
S1-560129303	
S1-4730815	
S1-855410170	
S1-810671564	
S1-838116236	
S1-722295122	
S1-22462862	
S1-24375625	
S1-985097031	
S1-219485728	
S1-953600280	
S1-131465707	
S1-168650793	
S1-695190831	
S1-866098083	
S1-227022897	
S1-337708175	
S1-626032211	
S1-411764031	
S1-854450299	
S1-220425715	
S1-567995063	
S1-741661363	
S1-735119942	
S1-507323382	
S1-778305641	
S1-182892387	
S1-997775051	
S1-861635182	
S1-622014387	
S1-818794162	
S1-85875660	
S1-102994647	
S1-903651090	
S1-879176522	
S1-275308379	
S1-411806986	
S1-668070216	
S1-774433623	
S1-802158714	
S1-878031935	
S1-940551750	
S1-220440002	
S1-899812971	
S1-703850936	
S1-675084872	
S1-470833900	
S1-578332447	
S1-928034354	
S1-12637290	
S1-235061073	
S1-453367907	
S1-61516785	
S1-679174723	
S1-492130733	
S1-215312359	
S1-592866610	
S1-348517273	
S1-882295182	
S1-410253669	
S1-355959113	
S1-25102566	
S1-452546951	
S1-267993976	
S1-532183197	
S1-632294551	
S1-746032296	
S1-970887092	
S1-707218925	
S1-96369658	
S1-150092414	
S1-744523074	
S1-83956048	
S1-456455997	
S1-206580642	
S1-283793852	
S1-347688544	
S1-376761890	
S1-328392378	
S1-589484557	
S1-101386104	
S1-743432846	
S1-537095411	
S1-474184705	
S1-27067147	
S1-3526820	
S1-720109446	
S1-821548134	
S1-510559162	
S1-900157058	
S1-271544535	
S1-120469183	
S1-419648212	
S1-311700589	
S1-701676803	
S1-156962686	
S1-589955966	
S1-301930673	
S1-516549961	
S1-857785076	
S1-255976409	
S1-382848644	
S1-962674176	
S1-68688529	
S1-310922143	
S1-164174207	
S1-338889171	
S1-930628324	
S1-751633912	
S1-45504969	
S1-666414184	
S1-139939913	
S1-742669690	
S1-972149440	
S1-746525176	
S1-131348784	
S1-839649850	
S1-100641945	
S1-52123969	
S1-967717469	
S1-795245461	
S1-806197577	
S1-576826076	
S1-133236904	
S1-404270005	
S1-312154301	
S1-127814684	
S1-474975160	
S1-382399077	
S1-465260095	
S1-579476810	
S1-777496180	
S1-192455679	
S1-794651822	
S1-97172795	
S1-312442131	
S1-519090727	
S1-265650801	
S1-346655278	
S1-532263005	
S1-445700965	
S1-716390845	
S1-992743298	
S1-832442273	
S1-917008353	
S1-881125216	
S1-456126898	
S1-269228723	
S1-547774923	
S1-957009968	
S1-853930842	
S1-188535180	
S1-508651883	
S1-129548164	
S1-475424916	
S1-826888164	
S1-207098595	
S1-455613994	
S1-778871982	
S1-54869107	
S1-306822911	
S1-260606492	
S1-477457737	
S1-593884831	
S1-753066813	
S1-105054016	
S1-563047320	
S1-901365639	
S1-898578286	
S1-510397955	
S1-394622442	
S1-92360053	
S1-433801823	
S1-918778794	
S1-530711102	
S1-548408592	
S1-514927223	
S1-834314092	
S1-84422853	
S1-863716540	
S1-165688970	
S1-845032915	
S1-964400942	
S1-538812405	
S1-141508921	
S1-386637281	
S1-164027682	
S1-65736131	
S1-512518011	
S1-982736698	
S1-52976413	
S1-380681688	
S1-103869294	
S1-771204309	
S1-754554883	
S1-778987190	
S1-311056087	
S1-673666459	
S1-816083909	
S1-671002046	
S1-161483272	
S1-563346725	
S1-18683720	
S1-682303113	
S1-14961313	
S1-199801011	
S1-158914809	
S1-631641790	
S1-854983608	
S1-241895944	
S1-307861176	
S1-853393513	
S1-498791279	
S1-451334593	
S1-413836533	
S1-899019921	
S1-137669931	
S1-472671684	
S1-605204456	
S1-263660988	
S1-675575363	
S1-756174618	
S1-410128012	
S1-930050361	
S1-979275261	
S1-926492868	
S1-207888842	
S1-691941744	
S1-333715327	
S1-43874906	
S1-639508317	
S1-855174456	
S1-503792383	
S1-829664368	
S1-33647678	
S1-935366525	
S1-577645128	
S1-484611505	
S1-954392906	
S1-536905855	
S1-707768267	
S1-983051672	
S1-422756979	
S1-293478662	
S1-684391951	
S1-189338477	
S1-297414947	
S1-258672312	
S1-684066146	
S1-523703751	
S1-840623085	
S1-203029614	
S1-133840053	
S1-268015054	
S1-814761215	
S1-974780705	
S1-969995739	
S1-49922089	
S1-604720754	
S1-856385628	
S1-896578326	
S1-794698423	
S1-473432836	
S1-803387714	
S1-484088914	
S1-962997100	
S1-429723574	
S1-214868663	
S1-432845001	
S1-257105725	
S1-791872172	
S1-70511788	
S1-842677464	
S1-792446104	
S1-742740313	
S1-298175218	
S1-872409378	
S1-369218013	
S1-575129395	
S1-688292920	
S1-753601355	
S1-170123026	
S1-290193824	
S1-804928492	
S1-49568133	
S1-485290219	
S1-320784729	
S1-758356959	
S1-639971513	
S1-843739455	
S1-465145341	
S1-460848542	
S1-916186946	
S1-98916647	
S1-182691643	
S1-919633078	
S1-758197827	
S1-349547094	
S1-572994121	
S1-236070674	
S1-179836430	
S1-993804002	
S1-736493540	
S1-268610223	
S1-575937019	
S1-844504575	
S1-707015907	
S1-981437358	
S1-866586688	
S1-942422561	
S1-449193896	
S1-446093549	
S1-356773320	
S1-595835095	
S1-620971939	
S1-508615529	
S1-480978279	
S1-168889843	
S1-615714485	
S1-97240748	
S1-659988422	
S1-19759521	
S1-5486694	
S1-124619658	
S1-130545091	
S1-683620505	
S1-232226211	
S1-173470985	
S1-340879498	
S1-864580516	
S1-220967847	
S1-971912070	
S1-554625022	
S1-213704477	
S1-771167070	
S1-544904910	
S1-347142933	
S1-392929659	
S1-571554205	
S1-711492716	
S1-471931393	
S1-768487200	
S1-380321793	
S1-124904704	
S1-8187548	
S1-71190027	
S1-734286276	
S1-984271119	
S1-450871971	
S1-37290214	
S1-679378800	
S1-711076826	
S1-720893999	
S1-40969838	
S1-715782239	
S1-67374123	
S1-29343435	
S1-306244106	
S1-298109081	
S1-470471190	
S1-936507982	
S1-977203113	
S1-370988515	
S1-384001420	
S1-880515262	
S1-675427049	
S1-378230358	
S1-738498988	
S1-827222568	
S1-140336851	
S1-963098435	
S1-883054624	
S1-350047081	
S1-408167247	
S1-318850568	
S1-204859669	
S1-701019578	
S1-268824066	
S1-278899959	
S1-141197262	
S1-313097263	
S1-636205731	
S1-760896125	
S1-823207865	
S1-11919753	
S1-797915393	
S1-231834559	
S1-388489734	
S1-921346169	
S1-489192958	
S1-519804595	
S1-786082986	
S1-320047569	
S1-238257781	
S1-526945969	
S1-576543855	
S1-453126859	
S1-197785390	
S1-19243634	
S1-548745359	
S1-960652119	
S1-998188124	
S1-649690849	
S1-903648188	
S1-601595412	
S1-225476110	
S1-894040993	
S1-475733073	
S1-167869389	
S1-589777253	
S1-287431735	
S1-822074446	
S1-843537721	
S1-77535309	
S1-746256981	
S1-74774423	
S1-935560869	
S1-557684046	
S1-24672734	
S1-404454090	
S1-384678498	
S1-776309528	
S1-14580025	
S1-829290781	
S1-933816600	
S1-820801829	
S1-490707185	
S1-431855318	
S1-15713813	
S1-245701060	
S1-933088184	
S1-668091827	
S1-200441965	
S1-704820507	
S1-51402604	
S1-25530909	
S1-570103924	
S1-419277936	
S1-43241605	
S1-17398605	
S1-845014659	
S1-968410150	
S1-733635547	
S1-722804858	
S1-382324942	
S1-658606733	
S1-726594198	
S1-988294396	
S1-10015126	
S1-307470723	
S1-973571452	
S1-168553412	
S1-577325535	
S1-744794326	
S1-277750229	
S1-819332569	
S1-438219164	
S1-774969565	
S1-319607213	
S1-256726877	
S1-312574957	
S1-64227782	
S1-833369689	
S1-729743375	
S1-493371250	
S1-452947082	
S1-1613700	
S1-774903134	
S1-420716947	
S1-166659491	
S1-544387765	
S1-844970196	
S1-15108031	
S1-866847714	
S1-523910572	
S1-753543787	
S1-957135632	
S1-809578770	
S1-803912036	
S1-162560228	
S1-745653139	
S1-624671607	
S1-731671544	
S1-982588229	
S1-294082184	
S1-318528976	
S1-499802209	
S1-329778385	
S1-360778879	
S1-614917747	
S1-169821317	
S1-634167160	
S1-631323799	
S1-696627390	
S1-653514396	
S1-687546855	
S1-265599238	
S1-4793735	
S1-391465370	
S1-977885592	
S1-319095034	
S1-210823010	
S1-582287679	
S1-84179827	
S1-859452283	
S1-736189267	
S1-888164726	
S1-726491799	
S1-661958295	
S1-330295142	
S1-333847728	
S1-751887466	
S1-871533256	
S1-584846242	
S1-831213381	
S1-743853805	
S1-620607873	
S1-991646032	
S1-334609287	
S1-62307174	
S1-176826826	
S1-130233674	
S1-633715056	
S1-484195787	
S1-295457201	
S1-883701820	
S1-140753239	
S1-661407619	
S1-603901946	
S1-116908443	
S1-378869309	
S1-119091908	
S1-257579330	
S1-845095611	
S1-235999037	
S1-311472300	
S1-655088323	
S1-974865490	
S1-318887702	
S1-733312740	
S1-851473421	
S1-683105853	
S1-36345987	
S1-41356282	
S1-274217880	
S1-947779632	
S1-957700443	
S1-49671833	
S1-957467392	
S1-759281762	
S1-384150931	
S1-232859693	
S1-706689548	
S1-89496505	
S1-339648876	
S1-858843271	
S1-155047678	
S1-206667830	
S1-995683353	
S1-456385446	
S1-142977097	
S1-52787050	
S1-542268714	
S1-829193003	
S1-541330457	
S1-36221416	
S1-182668341	
S1-408040411	
S1-410034477	
S1-774229271	
S1-988417686	
S1-322791192	
S1-143939246	
S1-122409485	
S1-262392346	
S1-188712373	
S1-162876347	
S1-632751724	
S1-472430549	
S1-628211123	
S1-41382743	
S1-281620591	
S1-234218211	
S1-973194075	
S1-664437382	
S1-84448896	
S1-310387311	
S1-987386236	
S1-446766373	
S1-142459713	
S1-96001728	
S1-989347352	
S1-953114875	
S1-278133170	
S1-286685430	
S1-75710	
S1-855676093	
S1-407868866	
S1-129687547	
S1-323720444	
S1-691476789	
S1-690470253	
S1-889730455	
S1-602728363	
S1-275726462	
S1-428648259	
S1-629873802	
S1-369915146	
S1-769825265	
S1-529132100	
S1-903414359	
S1-343914590	
S1-855269748	
S1-807981750	
S1-221237748	
S1-991903327	
S1-367408699	
S1-624701105	
S1-271508540	
S1-641022850	
S1-763302129	
S1-374904548	
S1-222300637	
S1-195729950	
S1-945532019	
S1-104874720	
S1-130252508	
S1-434367211	
S1-346126397	
S1-607229964	
S1-862125974	
S1-828247046	
S1-889318230	
S1-50703214	
S1-225625032	
S1-123667425	
S1-552665240	
S1-772983186	
S1-987851247	
S1-97854495	
S1-682865215	
S1-556630036	
S1-562987949	
S1-711671760	
S1-51977638	
S1-153107423	
S1-844454421	
S1-333346616	
S1-358189069	
S1-702595642	
S1-543257115	
S1-803985772	
S1-42297084	
S1-468823868	
S1-821485998	
S1-337844252	
S1-379219994	
S1-866973942	
S1-389454975	
S1-370159588	
S1-252798771	
S1-679136578	
S1-375247486	
S1-478533799	
S1-423007551	
S1-320848773	
S1-220227845	
S1-691585389	
S1-329331613	
S1-411600569	
S1-261948843	
S1-779007947	
S1-612226823	
S1-453686505	
S1-404085277	
S1-598472759	
S1-716430865	
S1-560016645	
S1-582015807	
S1-380957433	
S1-637477481	
S1-270587443	
S1-570262009	
S1-738250159	
S1-939795243	
S1-150290354	
S1-822250381	
S1-489032704	
S1-802733994	
S1-493356487	
S1-774769457	
S1-97848238	
S1-107729813	
S1-582083775	
S1-287076016	
S1-431110916	
S1-539558707	
S1-152377818	
S1-432102684	
S1-952478487	
S1-418351336	
S1-519456843	
S1-938613825	
S1-332441551	
S1-21916527	
S1-598194438	
S1-729150827	
S1-168424629	
S1-810312471	
S1-416285154	
S1-65497874	
S1-512454192	
S1-444331244	
S1-597139319	
S1-469456752	
S1-311079279	
S1-559052677	
S1-819228021	
S1-769692773	
S1-312271502	
S1-781348482	
S1-187516560	
S1-433297526	
S1-881769491	
S1-181658197	
S1-529282839	
S1-999266858	
S1-905013138	
S1-816336757	
S1-273544435	
S1-142913772	
S1-122502928	
S1-775215466	
S1-245423758	
S1-803867046	
S1-313301689	
S1-422461708	
S1-956857973	
S1-893577023	
S1-386961294	
S1-70318872	
S1-776582596	
S1-42512455	
S1-305860680	
S1-350804221	
S1-599790448	
S1-628742554	
S1-280351384	
S1-482691526	
S1-326401932	
S1-856157391	
S1-129697607	
S1-577063479	
S1-101528594	
S1-649038975	
S1-345327495	
S1-243246078	
S1-357617586	
S1-34067917	
S1-756949062	
S1-434771325	
S1-995163747	
S1-183551538	
S1-678556692	
S1-924149270	
S1-803998294	
S1-533086283	
S1-742361309	
S1-454339639	
S1-721192018	
S1-654075737	
S1-860265413	
S1-738090205	
S1-127865390	
S1-88450818	
S1-362575266	
S1-917695559	
S1-184008384	
S1-28610748	
S1-815532621	
S1-394673925	
S1-658553024	
S1-226092411	
S1-642293579	
S1-152823995	
S1-605194985	
S1-612369220	
S1-660994803	
S1-254896227	
S1-772678411	
S1-91218786	
S1-569736670	
S1-207532071	
S1-144018195	
S1-347979238	
S1-666880499	
S1-929220487	
S1-417872605	
S1-472815296	
S1-354837287	
S1-540988090	
S1-458511744	
S1-293397047	
S1-637052837	
S1-371582035	
S1-719598258	
S1-32221128	
S1-44069631	
S1-990678443	
S1-186221051	
S1-661354544	
S1-358070599	
S1-745256862	
S1-158578472	
S1-632799658	
S1-160595830	
S1-291901107	
S1-975677396	
S1-278327131	
S1-907194224	
S1-619504164	
S1-998039006	
S1-518083662	
S1-794708721	
S1-144753539	
S1-598838112	
S1-920294579	
S1-571027792	
S1-51516745	
S1-268824428	
S1-294875985	
S1-659950673	
S1-979959953	
S1-194165860	
S1-216580626	
S1-613851225	
S1-967101211	
S1-948969521	
S1-88966299	
S1-733495646	
S1-631506217	
S1-929054691	
S1-338362626	
S1-658315347	
S1-779059529	
S1-602292671	
S1-168077861	
S1-991572595	
S1-94211740	
S1-799022397	
S1-947743941	
S1-10022057	
S1-282212001	
S1-547941437	
S1-206382015	
S1-454310328	
S1-974828340	
S1-739492607	
S1-18467148	
S1-236525949	
S1-493200814	
S1-826226401	
S1-135662451	
S1-651387848	
S1-655189477	
S1-403724202	
S1-459327272	
S1-79860647	
S1-961928843	
S1-895929419	
S1-426287976	
S1-773189341	
S1-418192932	
S1-692312953	
S1-344115245	
S1-423124781	
S1-531611840	
S1-107510700	
S1-2649316	
S1-904396640	
S1-62259618	
S1-854999260	
S1-773323468	
S1-909277491	
S1-807631610	
S1-814558941	
S1-648241191	
S1-8227902	
S1-41439918	
S1-694209651	
S1-488957184	
S1-633042475	
S1-552285734	
S1-828436727	
S1-788541488	
S1-428331911	
S1-216170284	
S1-463539474	
S1-572676826	
S1-497829573	
S1-160853016	
S1-574184803	
S1-351383280	
S1-50937237	
S1-160307069	
S1-582441239	
S1-895614501	
S1-52755176	
S1-717251610	
S1-703981894	
S1-947474773	
S1-679408568	
S1-251981321	
S1-784734398	
S1-297694575	
S1-48087517	
S1-769736621	
S1-477715799	
S1-280514854	
S1-978519594	
S1-538939734	
S1-761113485	
S1-421545713	
S1-377205743	
S1-966432306	
S1-917198719	
S1-846566737	
S1-37904887	
S1-492222237	
S1-149728124	
S1-875788852	
S1-570014499	
S1-437560195	
S1-857058327	
S1-180498932	
S1-651178322	
S1-302197131	
S1-561798231	
S1-228432576	
S1-909900184	
S1-269775347	
S1-996547668	
S1-841751267	
S1-483340593	
S1-333038206	
S1-949750300	
S1-547866820	
S1-943545194	
S1-210318421	
S1-123341585	
S1-168432483	
S1-785751905	
S1-978101379	
S1-118456182	
S1-240602194	
S1-632495045	
S1-229643327	
S1-833478546	
S1-783257107	
S1-132566513	
S1-445166808	
S1-474803869	
S1-251290782	
S1-39546464	
S1-996601686	
S1-299151613	
S1-627957196	
S1-411738826	
S1-832060214	
S1-463676481	
S1-742628782	
S1-9572705	
S1-75814522	
S1-617537829	
S1-236872318	
S1-553432108	
S1-359353328	
S1-692993433	
S1-888796114	
S1-95686130	
S1-665351582	
S1-362820948	
S1-586007332	
S1-823829897	
S1-772272805	
S1-985250067	
S1-976726753	
S1-747715316	
S1-504436049	
S1-343568571	
S1-929199890	
S1-891145758	
S1-729615543	
S1-951092333	
S1-153994913	
S1-856044557	
S1-721836558	
S1-498447839	
S1-460575532	
S1-759831614	
S1-178421458	
S1-656246032	
S1-836222565	
S1-284833330	
S1-280974034	
S1-118205613	
S1-300375116	
S1-655336192	
S1-458179655	
S1-829994865	
S1-401960672	
S1-879816912	
S1-982159088	
S1-554627675	
S1-889679196	
S1-78045292	
S1-521355923	
S1-164168962	
S1-907114197	
S1-807035081	
S1-500210146	
S1-732138285	
S1-756251313	
S1-665928652	
S1-639971786	
S1-459763629	
S1-209011642	
S1-509689915	
S1-643258490	
S1-360148368	
S1-583538068	
S1-173146269	
S1-548029859	
S1-438065831	
S1-655140469	
S1-252661307	
S1-382102728	
S1-499005655	
S1-644297299	
S1-726242223	
S1-166545492	
S1-209232982	
S1-607654017	
S1-57653654	
S1-396805796	
S1-30909010	
S1-511185011	
S1-179404368	
S1-28143101	
S1-305893196	
S1-283891101	
S1-821005119	
S1-878836811	
S1-942477596	
S1-124907835	
S1-960750386	
S1-836471740	
S1-666356172	
S1-287317806	
S1-667584292	
S1-221333847	
S1-399304049	
S1-309988088	
S1-726384801	
S1-7604242	
S1-391515943	
S1-558647097	
S1-34743632	
S1-874347593	
S1-160095310	
S1-107715652	
S1-65868775	
S1-641505154	
S1-330266979	
S1-693518485	
S1-905479468	
S1-316508179	
S1-782168738	
S1-327261380	
S1-367986122	
S1-550478072	
S1-133616259	
S1-654523328	
S1-785174561	
S1-240141092	
S1-868165555	
S1-202854642	
S1-816012895	
S1-89035058	
S1-617593000	
S1-106485904	
S1-15692040	
S1-94853055	
S1-21471956	
S1-70067015	
S1-530825338	
S1-448068500	
S1-126032191	
S1-918103165	
S1-373046886	
S1-125623285	
S1-969869688	
S1-81656760	
S1-100194951	
S1-519961130	
S1-870387518	
S1-333385995	
S1-102111455	
S1-104584787	
S1-871141486	
S1-577084080	
S1-791297961	
S1-863954353	
S1-578964831	
S1-920023077	
S1-214235221	
S1-4055591	
S1-974749346	
S1-154464604	
S1-311050484	
S1-666096637	
S1-16079145	
S1-738851213	
S1-61342199	
S1-815601813	
S1-76841268	
S1-995194840	
S1-313707519	
S1-590643676	
S1-812763659	
S1-265671264	
S1-812142813	
S1-764011392	
S1-250277009	
S1-343986973	
S1-291838961	
S1-934507412	
S1-202571580	
S1-902431208	
S1-375303105	
S1-983138502	
S1-982650506	
S1-205505277	
S1-931608282	
S1-382607373	
S1-626048785	
S1-797209202	
S1-516430124	
S1-525856483	
S1-899497012	
S1-592706215	
S1-4825909	
S1-398105951	
S1-601172096	
S1-121275871	
S1-236125895	
S1-848792210	
S1-99188538	
S1-278586777	
S1-683717641	
S1-968303331	
S1-910185119	
S1-371498549	
S1-198549714	
S1-714111255	
S1-694764672	
S1-21334353	
S1-71868418	
S1-844455513	
S1-105836402	
S1-805401586	
S1-266107412	
S1-360241817	
S1-782937090	
S1-724125082	
S1-460049970	
S1-548631337	
S1-524545277	
S1-843081851	
S1-556833385	
S1-509688599	
S1-641279527	
S1-376524432	
S1-491355091	
S1-421983612	
S1-786364339	
S1-99856041	
S1-153812231	
S1-379011225	
S1-724357454	
S1-8270119	
S1-122645436	
S1-850903307	
S1-831858658	
S1-677482679	
S1-998938906	
S1-237822704	
S1-987331645	
S1-470024425	
S1-617658781	
S1-914650813	
S1-681533845	
S1-710219327	
S1-960715502	
S1-167981246	
S1-891035116	
S1-244482286	
S1-352564455	
S1-899133727	
S1-144827749	
S1-200829301	
S1-230341152	
S1-309371816	
S1-599556505	
S1-409894646	
S1-948468507	
S1-571582844	
S1-977882171	
S1-20040573	
S1-111978392	
S1-334772885	
S1-656233047	
S1-806934629	
S1-437908627	
S1-405091590	
S1-159249246	
S1-497395896	
S1-101800271	
S1-948002890	
S1-372699380	
S1-572540181	
S1-232677889	
S1-240300030	
S1-130747224	
S1-204787286	
S1-775454115	
S1-616998145	
S1-571272823	
S1-463726156	
S1-277762882	
S1-325485352	
S1-367381197	
S1-717808307	
S1-390409690	
S1-604730766	
S1-49726618	
S1-757054294	
S1-375241599	
S1-565316175	
S1-947265964	
S1-151030464	
S1-115885858	
S1-574326409	
S1-927965512	
S1-933834380	
S1-886278142	
S1-323443087	
S1-390927218	
S1-377044827	
S1-187666455	
S1-55554536	
S1-828639572	
S1-938415808	
S1-945435452	
S1-901627456	
S1-403584546	
S1-760875909	
S1-448938757	
S1-301720055	
S1-339214069	
S1-131688259	
S1-842206376	
S1-270032680	
S1-549330315	
S1-414545277	
S1-692424263	
S1-422823667	
S1-422617255	
S1-612770679	
S1-734502570	
S1-361878391	
S1-657089962	
S1-205124864	
S1-505666567	
S1-946752074	
S1-152832643	
S1-866245500	
S1-403849078	
S1-475123475	
S1-424416808	
S1-479608765	
S1-866289656	
S1-855005305	
S1-746684353	
S1-316440148	
S1-276750291	
S1-102771597	
S1-346986478	
S1-72197215	
S1-409468034	
S1-46044953	
S1-185041276	
S1-233488846	
S1-502291069	
S1-787727279	
S1-651510582	
S1-334033275	
S1-525101032	
S1-46126146	
S1-735593161	
S1-348253561	
S1-697172589	
S1-505109817	
S1-178809818	
S1-43596540	
S1-771667804	
S1-264500978	
S1-89906767	
S1-887093209	
S1-939168950	
S1-337203109	
S1-465918321	
S1-263048080	
S1-586383362	
S1-757744521	
S1-799661835	
S1-37181702	
S1-499469600	
S1-613636545	
S1-338105259	
S1-172193821	
S1-833412872	
S1-996662508	
S1-476361546	
S1-819735197	
S1-474781372	
S1-202513059	
S1-240597107	
S1-154636396	
S1-27330099	
S1-394377750	
S1-570086264	
S1-730701522	
S1-361093848	
S1-728711296	
S1-730865484	
S1-550031802	
S1-941659900	
S1-324762659	
S1-595627643	
S1-257645062	
S1-13454436	
S1-544392540	
S1-263275892	
S1-189768196	
S1-967885472	
S1-857445710	
S1-231572731	
S1-559161481	
S1-893988754	
S1-930681339	
S1-434067860	
S1-687135529	
S1-628722339	
S1-445607577	
S1-877075018	
S1-757456004	
S1-80764558	
S1-863089865	
S1-212495766	
S1-594708865	
S1-658064417	
